variant,E[r] nominal,E[r] real,volatility,sharpe,max_drawdown_est,blended_TER,equity_pct,bond_pct,real_asset_pct,gold_pct
Base (current),0.07420083810047501,0.048000817659000106,0.11796246718989999,0.2899298303537289,-0.274852548552467,0.001806008513899823,0.7150629790112069,0.2576035969055273,0.0273334240832655,0.0
Mod 1: +Momentum (IWMO),0.07761468791096093,0.05133140283996207,0.13428554638134835,0.2801097282960115,-0.31288532306854167,0.001708117023911648,0.8312529358383622,0.10539856839981544,0.033214992625083324,0.030133503136739074
Mod 2: Gold >=5% (SGLN),0.07615746625464559,0.0499097231752641,0.12474982411946661,0.2898398174895975,-0.29066709019835724,0.0018856400067954226,0.7527143421368029,0.17300259566307427,0.024283062200122867,0.05
Mod 3: Infra >=7% (INFR),0.07700176942755521,0.050733433587858645,0.1276650093304195,0.2898348546843256,-0.2974594717398774,0.0019282576944853727,0.7442679853207994,0.1857320146792006,0.07,0.0
Mod 4: Value+Momentum,0.08200877447629851,0.05561831656224259,0.15131775944894996,0.277619590914383,-0.3525703795160534,0.0019080722251345107,0.9341340440153746,0.0,0.03271835081928088,0.033147605165344374
Mod 5: Kitchen sink,0.08104698886974851,0.05467998914121819,0.14794886507622076,0.2774403767720813,-0.3447208556275944,0.0019455433200118943,0.8800000000000001,0.0,0.07000000000000002,0.05000000000000002
Mod 6: Unconstrained,0.07761467758621035,0.05133139276703447,0.13428550952168586,0.28010972829600744,-0.3128852371855281,0.0017081168846314265,0.8312526528139509,0.10539866031627583,0.03321510000726381,0.030133586862509287
Benchmark: 60/40,0.06673580484624324,0.04071785838657882,0.0966899490560696,0.27651069327525857,-0.2252875813006422,0.00172,0.6,0.4,0.0,0.0
Benchmark: 100% VWRP,0.08239598634877181,0.0559960842427043,0.15291567933212333,0.2772507471695585,-0.35629353284384735,0.0022,1.0,0.0,0.0,0.0
