month,p10,p25,p50,p75,p90
2026-05-01,2878.9644169480075,2940.5407342426843,3010.0497484425596,3080.044456056237,3142.8514062103086
2026-06-01,2837.585521689199,2921.798846877027,3018.718168808392,3119.2442018683114,3212.2786269310645
2026-07-01,2806.973085828758,2907.3759461922864,3028.6514762937286,3153.5503537297736,3262.8754594475654
2026-08-01,2777.035676075674,2898.3993778872145,3036.112779095526,3181.8800037408173,3316.0244971636625
2026-09-01,2757.418446999053,2893.725790761,3048.725977420341,3208.29516787893,3357.8171348189703
2026-10-01,2741.6216287197212,2892.4286031463557,3062.034634905358,3236.276624117825,3396.435552523641
2026-11-01,2729.4720306029526,2888.4910596716295,3070.210629082967,3262.7483075976415,3439.785935075379
2026-12-01,2723.346956464611,2888.7650459359334,3082.9431337038823,3291.3325685703703,3488.39999701422
2027-01-01,2712.5636165509727,2884.255259071448,3097.335579615611,3314.8769173427017,3524.2679211552236
2027-02-01,2708.8722920383484,2884.0764956322037,3103.8178699668315,3339.608776829483,3566.0694670619364
2027-03-01,2698.2233563588475,2889.0504928116807,3119.5056798795545,3362.6795526632554,3596.9325496737074
2027-04-01,2692.388212724009,2887.8398931617594,3126.8516550103427,3385.1610470901232,3636.6214911441343
2027-05-01,2679.501431793053,2893.0319738660255,3138.4137821394625,3403.7728559302304,3665.8063460338935
2027-06-01,2671.212677286144,2892.224965005399,3150.105235208465,3429.6951494503746,3695.533518440725
2027-07-01,2662.4813745225406,2893.055619502955,3158.862715153852,3452.748333520664,3731.2805620848294
2027-08-01,2657.804220355,2893.316387264621,3168.5294622813662,3467.460084088418,3766.676308326657
2027-09-01,3146.600524326013,3390.5330306372844,3681.763456273925,3998.41925401211,4309.931269293211
2027-10-01,3644.816677389059,3890.3817593782505,4194.267662443961,4532.940657730767,4855.184320066218
2027-11-01,4127.605864851893,4394.072202254939,4708.863508454333,5066.6867089747375,5410.921281061635
2027-12-01,4602.611231276831,4892.688866274347,5220.300436831929,5604.461467780166,5985.748173780407
2028-01-01,5075.732350968139,5383.361003851247,5744.359374602322,6149.400806476231,6551.19886281707
2028-02-01,5558.707035134457,5873.174343787675,6277.238188598953,6698.010278867775,7134.430605626281
2028-03-01,6029.538459782861,6375.820803574102,6800.470419708145,7257.255125004776,7723.802934365176
2028-04-01,6492.9057792816,6866.7339423169715,7321.903133535923,7823.877411190379,8319.46091873453
2028-05-01,6968.0817776026015,7351.6407506629375,7850.238730765452,8379.027897636268,8912.44043726122
2028-06-01,7432.057405339554,7853.588689657641,8372.29480822273,8943.710537161907,9516.477411650809
2028-07-01,7890.910392114265,8340.835816595174,8916.945504286618,9507.415513270282,10114.222907488987
2028-08-01,8360.39449748848,8839.761667644938,9443.642028973805,10104.90842587021,10722.552938234272
2028-09-01,8825.963572830715,9343.489748621298,9972.384858786338,10676.545532776943,11349.475986764217
2028-10-01,9278.125979399054,9827.566696813832,10515.014005984467,11270.746283067752,11961.858864429038
2028-11-01,9732.999938143419,10315.737876001156,11050.837627874685,11844.027243241588,12597.497186866109
2028-12-01,10174.310136794053,10813.661353599775,11581.432418409597,12430.519790521525,13257.6923802387
2029-01-01,10624.939858066426,11317.837018116745,12140.956161396956,13002.944599348199,13905.420062708168
2029-02-01,11071.69707371094,11819.984527898967,12685.099081928267,13624.926036935794,14543.328904495282
2029-03-01,11531.861807696841,12312.623910182396,13241.630285610609,14221.256497113216,15192.264626882212
2029-04-01,11988.805971966945,12803.571936501596,13788.329756600539,14807.09359726284,15830.180445805585
2029-05-01,12464.05513952548,13307.178261460782,14324.066530296232,15411.965678816585,16526.44897461786
2029-06-01,12919.01452940244,13819.005792961281,14899.61657171644,16018.680909733004,17206.192369754535
2029-07-01,13398.128922736834,14356.962692382338,15460.139812677797,16660.38572645148,17876.165870436376
2029-08-01,13840.697105185021,14845.496721552714,15995.108589820724,17278.769090033777,18543.143137622705
2029-09-01,14267.693934531078,15305.662558584747,16576.719725079703,17916.332035294265,19268.983471769014
2029-10-01,14748.176692149002,15817.391131645123,17150.352470320537,18563.459285952544,19947.3197642892
2029-11-01,15211.951535572285,16333.214158997871,17712.845037360996,19164.55954194851,20616.062568646386
2029-12-01,15686.241328207785,16803.38491443971,18253.988908540414,19779.062379268296,21324.987872889633
2030-01-01,16114.497348614072,17345.552652674494,18825.011690926935,20444.608920891074,22072.481787215227
2030-02-01,16583.424085249804,17849.64049279433,19365.018146954433,21094.20151820579,22783.741584430663
2030-03-01,17038.33828248849,18354.429530457302,19961.128422573544,21731.193933642113,23520.97122643127
2030-04-01,17477.40048657577,18854.40178945232,20509.67360414395,22350.443576986614,24233.199556644187
2030-05-01,17945.0204632093,19386.158971168203,21047.686411117407,23018.062770952933,24934.808765866543
2030-06-01,18447.42963244028,19870.43069829639,21672.14308907822,23653.122252622426,25734.914738019026
2030-07-01,18852.1205737953,20395.11689912627,22199.052232842634,24309.53366883047,26429.75920051826
2030-08-01,19327.823555967272,20908.857787695368,22808.28236993747,24946.107713628142,27186.25012935258
2030-09-01,20868.555606201633,22523.8130099578,24516.006615699425,26739.553155854148,29082.628010815282
2030-10-01,22356.123908619466,24103.63154491588,26191.973787755072,28505.801537245243,30903.341423783855
2030-11-01,23891.605718713872,25742.82479945859,27864.751356310007,30292.76533237562,32813.68083421359
2030-12-01,25458.6641364905,27340.361549519024,29619.50892167054,32129.03751826073,34701.95932920482
2031-01-01,27012.485929113118,28919.937299593388,31316.214387249354,33895.738800918676,36566.335182190545
2031-02-01,28486.55288763648,30517.506116261895,33023.02910838288,35725.96470123367,38515.57299552023
2031-03-01,29965.13440202956,32074.64762741971,34727.606140512864,37542.38826193338,40517.36221611777
2031-04-01,31442.44743407992,33720.51901444605,36414.53982204246,39429.423842241624,42484.934377057456
2031-05-01,33006.04971246968,35288.611928675615,38113.83896568096,41336.00461896906,44619.8686934508
2031-06-01,34512.44630316406,36974.028671939755,39875.59650790978,43240.16669545263,46615.961955235995
2031-07-01,35961.67240922208,38524.19227360595,41669.26747469978,45093.97299302663,48608.84064686166
2031-08-01,37510.931975869644,40119.82370486876,43376.959737307,47032.337693090885,50647.3492646092
2031-09-01,38965.93272116726,41763.28343127782,45045.012399109095,48980.527347400915,52746.31169827171
2031-10-01,40459.251844125225,43410.74254891146,46856.19409657725,50856.93076016388,54884.717663403106
2031-11-01,41909.22374113597,45040.25579588453,48596.7686344932,52837.257519657825,56912.443532494326
2031-12-01,43430.32956950128,46496.92735033776,50484.91393802015,54828.644664538784,59163.59981994859
2032-01-01,44856.34356018497,48165.76939219619,52263.7654150802,56800.88298032695,61322.255870243556
2032-02-01,46304.279593496365,49845.362321630404,54045.90450788244,58786.50473825347,63627.30493366478
2032-03-01,47881.01499023146,51416.80130249401,55792.59884327672,60788.668854130156,65772.21783173374
2032-04-01,49412.116302918344,53027.061188031774,57631.41270171359,62843.91299922082,68252.41834449711
2032-05-01,50760.76527707611,54704.148255506574,59407.22899983106,64950.45573092381,70394.25508661018
2032-06-01,52444.49804793571,56441.083062008634,61198.61982116084,66947.83714359708,72487.32851714335
2032-07-01,54009.34983280558,58072.39666757389,63093.917093915305,68984.89549146118,74661.34661801816
2032-08-01,55352.19551976987,59768.64296109403,64904.06746065671,70915.30311830441,77075.25462649815
2032-09-01,56935.11206072788,61306.88273117798,66888.26719707163,73033.02292412243,79566.42517476628
2032-10-01,58378.68342070569,62938.62968783876,68755.32476478108,75087.06179920986,81649.15197876032
2032-11-01,59844.577709306504,64512.516455287725,70581.61586917675,77263.00931123138,84159.4123694474
2032-12-01,61203.66281010623,66181.0509499669,72372.58356387712,79326.32364042892,86379.44963202534
2033-01-01,62770.22709771941,67787.32492631982,74220.27495938576,81532.95338796188,88757.92172702127
2033-02-01,64308.40067120383,69496.92154589566,76124.43950429423,83646.66755537738,91115.2477933266
2033-03-01,65819.23802620413,71242.58539809372,77950.88209337954,85837.78625242334,93589.9256213171
2033-04-01,67034.65200966642,72748.43896700411,79764.8010350997,87885.8433772401,95957.38904376623
2033-05-01,68596.2596094728,74416.31027720979,81653.74420225277,89973.60272749726,98373.92411112638
2033-06-01,70020.22303891282,76006.73487438311,83600.06285940215,92211.89161410664,100788.07374687528
2033-07-01,71523.10838779475,77637.51464747575,85471.80184459194,94268.2035423214,103435.3751084471
2033-08-01,72910.26586205798,79310.7120587394,87303.32327918797,96509.4866237805,105851.58785809983
2033-09-01,74307.03471616714,81055.83091170542,89237.56444829033,98790.29140262239,108134.95927565474
2033-10-01,75800.7949114222,82894.02377237673,91279.10036002297,100838.58909847193,110561.20100342401
2033-11-01,77325.44219656372,84457.28169062585,93102.05443463923,103139.23785531055,113337.63196590713
2033-12-01,78508.4409548166,85964.77550707974,95082.96867699696,105526.61313434213,115950.54013710619
2034-01-01,80074.82632709619,87530.38805089008,97009.74025634992,107608.46006043864,118247.87039950982
2034-02-01,81438.54762092276,89138.5954008674,98949.16071475486,109870.59770106131,120719.32059885094
2034-03-01,82999.26135784404,91013.76145677868,100831.41255093159,112149.58758942276,123185.8317802625
2034-04-01,84538.03206646904,92730.40651020793,102738.19199413515,114438.48161374526,125819.20156728923
2034-05-01,85869.62083037257,94284.66062418651,104756.47757305468,116867.2963138607,128543.66794198597
2034-06-01,87492.50400390005,95956.75768451561,106630.72008707194,118802.84663457672,131433.86924870222
2034-07-01,88933.35103218237,97596.98490823334,108650.94430191607,120973.9248108673,133837.40609615087
2034-08-01,90419.11075159394,99478.99623669765,110645.08929489073,123428.49208455073,136414.38604713738
2034-09-01,91912.78572962475,101039.36140016426,112769.0900164255,125712.83018255394,139652.89774056958
2034-10-01,93228.58750730418,102745.56018005522,114687.78061181173,128255.28932920177,142208.22350253386
2034-11-01,94531.74875858637,104505.36539462038,116675.01761369195,130646.83102193632,144731.0012962793
2034-12-01,96119.12402111072,106091.2114999189,118647.6032951254,132816.4460513317,147794.7456134635
2035-01-01,97604.8068608959,107773.45217332308,120453.57219159455,135332.66153429294,150692.36410438636
2035-02-01,99135.34357412257,109547.9649089895,122715.08291700174,137532.67263672515,153455.27221460216
2035-03-01,100950.51096930885,111352.70726656537,124570.62326926654,139868.0273581286,156016.8890031447
2035-04-01,102216.62726394646,113070.42726130721,126775.78161284406,142054.6260257662,159308.54954534292
2035-05-01,103537.25528760543,114610.5615977557,128800.01087848534,144788.69043721352,161965.67061033894
2035-06-01,105149.01980114821,116374.30011701482,130657.74878808451,147366.42931454247,165127.0888758956
2035-07-01,106447.81659156189,118216.15185683823,132912.23982787493,149551.37561688735,168112.64803588708
2035-08-01,108092.80322227128,120022.2903586312,134923.23854604192,152210.6280646773,170964.99581107832
2035-09-01,109487.97503708761,121361.06509242469,137106.18330800085,154670.049499165,173655.7064617533
2035-10-01,110949.43554715705,123176.82467982473,139181.81213365486,157250.87989755196,176594.0300184516
2035-11-01,112567.47905325828,125044.21712820484,141071.92570223875,159748.98066519923,179646.59978387444
2035-12-01,114111.95737023004,126858.99962269691,143132.8464072803,162493.532085903,182513.9294503377
2036-01-01,115581.38385052966,128302.35612470127,144963.58434817812,165119.6587212478,185510.348389377
2036-02-01,116975.03854439981,130224.58396990868,147194.08266111923,167394.2450317703,188888.2682800926
2036-03-01,118386.18380417355,131744.93049967344,149377.81471176504,169821.54099746095,191724.41625398592
2036-04-01,119881.93701922696,133432.6828030037,151565.61516632678,172524.58518112847,195127.72802000653
2036-05-01,121293.86475589669,135212.89450432383,153315.2784519542,175403.9589511979,198199.04280240505
2036-06-01,122650.9300890541,137338.71453159282,155700.4959092842,177371.24764375176,200951.05411119308
2036-07-01,124166.34701693943,139091.9784843169,157842.63278962742,180911.47427022932,204666.53570925843
2036-08-01,125510.76898370178,140685.75265659328,159982.59114391054,183446.95620900783,207583.34269046874
2036-09-01,127458.07719819184,142449.48392184172,161800.96598058182,186061.7178388465,211117.53378790955
2036-10-01,128844.25590309364,144246.3942108031,164061.29785559062,188193.42768195033,214139.03655014758
2036-11-01,130237.66729298617,146094.24957567957,166244.6128632368,190544.87835449647,217078.50686245743
2036-12-01,131820.11275929422,147864.16330401436,168548.14583894826,193461.97417587004,220170.7527271736
2037-01-01,133394.40080285614,149607.87589663698,170784.4022458995,196111.45582229318,223186.17498482438
2037-02-01,135203.6568895149,151307.9525864589,173135.07538636134,198676.60416702952,226415.06433047834
2037-03-01,136733.38086857297,153145.49319225532,175444.05077216477,201300.31040108137,229041.6682612817
2037-04-01,138143.82807952282,155212.42014250506,177350.9391523653,204419.44472155764,232568.50313123933
2037-05-01,139750.09899559704,156933.54330551944,179788.45354352205,206928.3358711808,236668.99339208487
2037-06-01,141387.54096656962,158850.5650039697,182148.69663777677,209298.7706493258,239613.17129644737
2037-07-01,142869.79957769896,160586.575132102,184273.285843052,212143.0276518309,243093.78993505574
2037-08-01,144213.22786054443,162678.18782482806,186247.15261764423,214992.33037529537,246023.2525560845
2037-09-01,145456.76790903442,164229.72008875455,188673.87153544955,217930.86233446718,249254.83055692405
2037-10-01,147397.34135138534,166398.24846678192,190702.96516376032,221265.90478190646,252744.17471733934
2037-11-01,148938.19030316727,167801.73670790368,193109.31542993672,223265.30949833823,255910.84465645158
2037-12-01,150657.35370101797,170001.97529429616,195504.2256502965,226485.84912516503,259170.73027489454
2038-01-01,151885.86348491005,172153.8990761386,197826.3345012165,228593.5347708825,263614.881277344
2038-02-01,152954.36580147728,173482.6230328565,200228.38156259694,232073.99145067445,266486.1704124219
2038-03-01,154944.46987490833,175858.33511609907,202697.44710743884,235002.8507947811,269475.61976864125
2038-04-01,156258.8004118418,177549.16226227948,204751.76615325763,238064.1255663805,273766.1359118439
2038-05-01,157755.05815927885,179140.25136439968,207453.98775756627,240329.3453802707,276693.3573156065
2038-06-01,159315.35036877418,181073.31559452525,209930.66712017433,244124.9911285107,280270.66851757414
2038-07-01,160999.84455366342,183126.99230386043,212297.69216670917,246776.3315848479,283444.8069807962
2038-08-01,162963.5552582591,184901.6656135191,214254.07006462532,249891.13183100868,286575.52682684804
2038-09-01,164617.43953608317,186962.3025069277,216984.3077192179,252715.81488181005,290271.47521870356
2038-10-01,165945.47124332996,188657.3340308188,219437.27284147523,256078.51522080894,294778.1170824403
2038-11-01,167534.74668924024,190791.38213302105,221679.77515012835,258799.62830043095,298427.55372539605
2038-12-01,169127.07886047958,192848.19030726774,224316.90658086108,262444.09516726667,301520.47148924455
2039-01-01,170854.66875218228,194701.16059225542,226667.55549407058,265073.5038544831,304935.44104359683
2039-02-01,172278.01703976298,196879.40769398335,228574.26069627883,268130.96434460336,309374.82117531006
2039-03-01,173308.00616968665,197815.95406946106,231488.3851400414,270258.2188520437,313499.24141639797
2039-04-01,174261.17444879626,200283.54333972975,233915.77147423127,273646.60952891613,317767.10655922466
2039-05-01,176319.8758976328,201920.92516151347,236092.8841512104,276709.8395935278,321058.14614115906
2039-06-01,177940.13001539494,203816.670613988,238707.5027853837,279308.06477987,324101.9524058641
2039-07-01,179313.65119369607,206108.3681956078,241541.71198466077,282890.40986388165,327863.07572231523
2039-08-01,181507.6455321789,208042.89873854624,243593.04451064486,285655.38221476413,331631.3940109554
2039-09-01,182525.42818668133,210008.6249247547,246308.37290224113,288611.7666123569,334974.3836193566
2039-10-01,184161.2891789808,211642.85487652436,248662.61874792533,291839.93451986054,339537.09841480764
2039-11-01,185796.2998316921,213831.1238672575,250583.84514761023,294112.0670247511,341944.6359798581
2039-12-01,186855.90161100592,215691.8920934774,253143.21613889813,297640.4648888179,346488.03258539253
2040-01-01,188602.99714862223,217565.40773508168,255708.96034393483,300365.9343850814,350385.967393958
2040-02-01,191043.52194448694,220519.95190246354,258093.58540984394,302663.3317331538,354560.21801865054
2040-03-01,191946.83620304285,222242.02305125553,260547.34484105933,306528.9763712988,358204.79544066556
2040-04-01,194148.02093264594,224158.16571990369,263180.9032837284,309647.15266133996,362319.368607662
2040-05-01,196016.88830086347,225965.44152734615,265243.90982358274,313332.7276805856,366530.9430586397
2040-06-01,198239.66044657785,227762.24187116296,267771.9341296096,316195.7906498649,369497.0442892797
2040-07-01,199384.57581140142,230240.68700386243,270303.0949799123,319153.71808647877,373385.77165636286
2040-08-01,200916.76626394107,232595.47976731925,272575.73324247473,321644.52361627657,376548.1127985568
2040-09-01,203370.0071665413,234468.2936093044,275111.5780805336,325223.51858426374,380638.93505105167
2040-10-01,204822.67022634522,236576.63952262688,278251.55212380993,328263.1437000997,385008.78437587054
2040-11-01,206681.90587616625,238705.6712951779,280076.37832900544,331383.9428025557,389134.048190518
2040-12-01,208447.56774381502,240462.80367357616,283134.5555111434,334674.00133845,392057.54716688994
2041-01-01,210838.23148916897,242263.97871377104,285744.9374444261,337948.60436020547,396688.12380163244
2041-02-01,212131.25736060351,244592.690615713,288631.08361208497,341324.344577478,400779.85455134546
2041-03-01,214316.1022249332,246940.25142386698,290895.86751769437,344337.09126572026,403251.4660695102
2041-04-01,216105.96811424737,248908.006223902,293943.6771096587,348456.04451782396,408382.92298423924
2041-05-01,217460.45161923495,250989.1229508751,296217.2344703957,351355.27501875657,413780.2346742518
2041-06-01,218430.03222309976,253577.89761872962,298631.5540463467,355039.16301075404,417706.7147911753
2041-07-01,220437.6577155014,255720.7471740652,300840.26211170026,357991.6211651707,422724.1857842644
2041-08-01,222252.8354846182,257519.70344638784,303770.4863315543,361780.4105222805,426348.8077638408
2041-09-01,223341.40945540625,259360.21051103732,306817.44626778754,365655.9012128033,431978.5484323677
2041-10-01,225645.75837873752,261784.3144559261,309216.27378868096,369398.1330593264,435291.61900160863
2041-11-01,227700.20666880006,263944.6494719892,311478.9580915754,372391.4854951667,439476.76163312746
2041-12-01,229055.70884316714,265825.9800898534,314548.65029658657,375525.95037151844,445091.0885050107
2042-01-01,230546.53996285552,268580.60088370496,316572.2655022239,378171.6599989158,448138.6700363815
2042-02-01,232094.4805032776,269856.5609240212,320138.2043394692,381843.07789776695,450693.18958891096
2042-03-01,233967.65408310192,272155.4414680212,322726.25216544105,385671.97490960977,456477.44336689665
2042-04-01,235734.60428030542,274049.71872111334,325287.793582138,389498.46828898025,460828.85780498275
2042-05-01,237397.11473210706,276281.4383346139,327862.0138243538,392902.5701061928,464065.6051003408
2042-06-01,239044.7435787639,278521.81014227174,330840.7316826975,395021.2975344352,469915.80192190845
2042-07-01,241666.31053046498,280802.40414515254,333744.8116519319,399454.15380728734,473350.47130413796
2042-08-01,243085.65172056688,283071.88781552704,336278.44895552774,402610.71669742855,477385.6378942516
2042-09-01,244148.23562497582,284633.0782344468,338751.46260082343,405952.7094908085,482234.8296717623
2042-10-01,246601.69495802055,287153.6579002638,341807.17595820624,408981.75137481274,487053.2502931853
2042-11-01,248458.45115130744,289274.03228849417,345589.90300507366,412618.6682796836,492306.9724772976
2042-12-01,249982.94991344705,290376.75581940997,348018.7194533112,415482.77407208097,498040.163732983
2043-01-01,251604.87924460697,292959.4009395209,350915.39345896005,419481.31005116925,500076.39400299377
2043-02-01,252550.55224804842,294413.4969371181,353091.9555235378,423187.5452573464,505907.9396207077
2043-03-01,254488.01739290816,297104.58193315915,355193.18072434934,427323.0523123985,511056.96334713005
2043-04-01,256001.92127666614,299532.0859655281,358622.8294531145,432022.9839564061,517309.62960155425
2043-05-01,258271.00090877802,301946.5398550088,360804.7349015346,436184.6457140249,521789.2815616994
2043-06-01,260201.27192770244,303992.64061834,364246.4442382295,439596.8968011552,527058.8552594917
2043-07-01,261693.6713805175,306743.0504501351,366830.57217133103,443222.7667733327,533882.3495992477
2043-08-01,263527.33592053107,309295.94639798213,369370.41882411053,447927.06784699915,537055.8883838009
2043-09-01,265328.237033482,310736.47592222824,372328.3367694217,451755.7134035108,542100.4729095147
2043-10-01,266540.24841400346,312154.13782174536,375268.072025967,456172.3785617571,547253.0240915853
2043-11-01,268496.44416014454,314288.8301930316,378132.87243535795,460084.32814518386,551084.5694738158
2043-12-01,270161.15671376855,316202.0825492338,381220.26468507294,464881.03870433173,556089.3011573581
2044-01-01,272433.26092702855,318732.2729519413,383990.14642270777,467602.6288399906,560983.3441603034
2044-02-01,274560.01037551963,320904.1525560063,386656.46491556393,470965.7497855051,566647.2637006358
2044-03-01,275751.29004906793,322723.6614144727,389328.6872017587,474495.11169755436,572510.7614020302
2044-04-01,276971.05908052286,325434.0655166779,392783.4684347556,478084.1737829809,575981.0236972987
2044-05-01,278745.7197759447,327574.2778649995,396228.2229459785,482260.1735635863,580039.7834275361
2044-06-01,281431.29587315663,330583.8997578372,399212.6858671288,484610.0491198457,585038.1851339523
2044-07-01,282059.6683752106,332684.7344230175,402499.0453391319,488892.26902136917,590168.2889721392
2044-08-01,284061.0337456331,334125.28047534334,405514.3094993321,493280.2159128154,598497.9401226052
2044-09-01,286333.5761674452,336813.12482765235,408524.43141611177,496783.5229180019,601783.3462033933
2044-10-01,288251.59992272145,339319.0653327148,411415.9122062399,499672.67349116266,606767.501635924
2044-11-01,290372.5970521674,339915.8063749606,414278.7070355578,505750.0208057883,611854.4535112807
2044-12-01,291709.3761028595,343311.0786939428,417983.10178487224,510476.3240537328,615900.9453657216
2045-01-01,293808.7472740572,345572.7983550369,420749.28250259155,513212.5676237274,620627.947934245
2045-02-01,295487.4796691106,347877.0251009161,423456.5344062691,518209.7089974542,624856.0560984482
2045-03-01,297449.3134536115,351000.2702429374,426557.52345477964,520706.18835349457,631419.1271533637
2045-04-01,298975.11307782144,352885.6182813005,429414.58889477927,525464.4668480743,635984.4871843198
2045-05-01,301040.0340154076,354944.0601299968,432786.6894074519,530007.1732239842,641666.5859249496
2045-06-01,303306.9274220257,357497.36985728325,435544.3488201819,533647.221171004,646810.0449438837
2045-07-01,304181.456214043,359754.8531915605,438950.6329359362,538319.9758617404,651502.9584846959
2045-08-01,305828.32331704133,361929.4601051867,442329.60427643056,541067.4706748716,657581.5385780385
2045-09-01,306693.34883633826,363721.8099681098,445220.9952121619,546313.8305403626,666057.5829777087
2045-10-01,308477.1828197503,366611.1105632201,448226.31186215696,550757.1722695493,672031.3975020403
2045-11-01,310404.56505104754,368723.68197607255,451359.77748127375,552967.4725442799,676257.5812845881
2045-12-01,312165.18487197935,371173.2518964042,454293.0752146355,558098.6274187616,682323.6456372566
2046-01-01,314011.0546481224,372620.02582105517,457970.5786142112,562936.8475450162,685273.3215819439
2046-02-01,315300.7825046749,374623.97240770055,461188.2497787123,567653.6554246068,691158.0791373678
2046-03-01,317365.2036176159,377551.00010023534,463664.0552529388,571402.0336288529,695700.8643378849
2046-04-01,319452.93550802505,379505.6264104374,466453.26162611693,575690.3373984811,701803.8827794743
2046-05-01,322315.2657935112,381774.3602429583,470017.32073433534,580792.6238037627,706701.9582042333
2046-06-01,324717.0536874319,383877.4407378023,473944.73051658575,583732.4990152603,715708.7397010315
2046-07-01,325205.149233634,386463.32911058347,476586.2951450066,588975.2946759795,721060.9229913031
2046-08-01,327191.93970498274,389550.08523697825,480060.8404340501,593163.5691217798,726498.3645380102
2046-09-01,328864.97633384936,392958.79847261944,482052.21604783484,597342.7668752281,729793.7897378637
2046-10-01,329691.5897511646,395260.7888317031,485709.4784780418,602553.566085655,736704.7514224303
2046-11-01,333166.2384469362,397693.1379961425,489638.40255029395,606236.2333519377,743609.1468014035
2046-12-01,335267.4968230999,400233.1175100012,493417.3264057745,610700.486995628,747150.9300544877
2047-01-01,335097.6232039404,402551.5928956603,496496.7480527676,614924.0882558761,753414.6025727701
2047-02-01,337005.6764973711,405189.42697044683,499971.2530421179,618443.520737331,757247.6434899967
2047-03-01,339445.15706360154,406539.48201376555,502232.70837357134,624647.7286133596,764191.4617507536
2047-04-01,340542.2287059214,408075.56501723005,504319.58553178667,628152.4221887123,770056.6055327294
2047-05-01,342968.6057590735,411553.5566574407,508757.5841564931,631315.2202136499,773851.5045985642
2047-06-01,345343.883292258,413731.25872538215,511917.71050005814,638086.1288713755,783387.287347431
2047-07-01,347120.6629266144,414356.96813287796,514535.9472377065,642330.7350398717,786656.149376281
2047-08-01,349103.53362557903,417117.4240570598,517442.4637542544,647838.8300334865,792871.9087433345
2047-09-01,349953.70940055023,420293.29306287493,521341.5903013313,651801.4264165468,799312.8519014685
2047-10-01,352806.77972377604,422602.46703487914,525349.1466460892,658272.111964243,806854.4660338504
2047-11-01,354483.76136520866,425737.527405986,528946.7455721523,661662.636431593,808018.0807420135
2047-12-01,356314.7698299633,429778.85149498796,532979.7566931064,666877.8423844009,815042.9789881236
2048-01-01,358467.96578955173,431612.7964420563,535926.2526469415,671093.7217579484,821502.109728056
2048-02-01,360353.6781781948,433665.7663166146,539844.2266697076,675823.8179979146,827673.0333009311
2048-03-01,363774.54189421004,435606.8391797212,542391.5006260861,680561.2345929637,831639.4001764914
2048-04-01,365870.8397858227,439023.98067051347,545086.9251419218,685385.7274305237,840670.4975673484
2048-05-01,367695.40088622126,440132.0909036152,548931.827643464,690381.316429147,845207.4427523934
2048-06-01,369966.0992794476,442671.82050074567,554195.6993981851,693468.5955407199,854554.6906440947
2048-07-01,371968.46984784195,445429.35904823197,558026.4940917698,699673.2635482243,860139.553256867
2048-08-01,373995.7403281545,449451.1980197085,562551.7072175217,704619.4091928331,864688.7469330967
2048-09-01,376686.3604096227,452662.37495548034,565516.8670771993,707867.3579551397,870816.0763789384
2048-10-01,376959.6499817374,454041.06755559705,568251.0481970056,712833.1864210415,879026.713233094
2048-11-01,378908.4778595498,456320.528051952,571343.5288979544,719393.4046467837,883433.8580376925
2048-12-01,380924.4038030743,459502.4288109885,575062.6146802601,723549.5122094406,890826.7415493197
2049-01-01,382186.2291489845,461090.71613738255,578625.1056036428,730776.7014553017,901016.2490074281
2049-02-01,383318.8499871747,463085.7685670966,581575.9420227483,733039.0292088005,906976.3426317237
2049-03-01,385287.6074879803,466234.6441484636,584802.7882833544,737608.0992029912,914108.1872912636
2049-04-01,388358.6680532428,469317.96356305864,588003.5676925998,744487.5718196873,917727.7694716856
2049-05-01,390811.1007880414,471516.5959333024,591955.0497062544,748635.6235600105,925173.5861319412
2049-06-01,391397.60681181867,475170.90256156714,595104.5250938658,753462.5863076672,936331.8776281872
2049-07-01,394725.3272215535,477507.5442329515,599156.5902645967,759092.9976285272,942404.0667621067
2049-08-01,395061.1879663871,478587.1031036191,603283.4770804745,763488.8701858717,948157.5534622122
2049-09-01,396052.3528675315,481179.4696729131,607013.7447807426,768252.0218862728,957127.2180753332
2049-10-01,397297.0316189028,485172.28189899336,610147.4061906242,772031.0521691446,961555.7435949488
2049-11-01,399162.99418395595,489010.39475247124,614272.3218682006,776245.9939016685,968992.3006258812
2049-12-01,400769.90133130684,491993.77069269377,617918.5718962899,778746.6313799194,974136.4107335722
2050-01-01,404069.2576079933,494437.78895579034,621262.4243932907,783607.254321222,982919.018235385
2050-02-01,406225.97519684717,496257.5252790736,623859.8291114443,788071.1055145133,987131.037559506
2050-03-01,408573.7746699459,498425.3900655682,628625.8363497446,794039.75729478,993517.1919890221
2050-04-01,410531.11267466715,501034.8853897713,633669.6066712069,800195.7019502898,1004169.7570056794
2050-05-01,411139.9768763749,504299.14542607416,637420.1231502979,805014.4350725269,1009763.4656771476
2050-06-01,413156.85365000874,506674.0074781345,641362.3007251096,809988.9303834672,1015405.7294583253
2050-07-01,415987.4124561272,510413.8517751284,645652.87452068,816828.0061661788,1023971.8507579635
2050-08-01,416466.8900066266,511578.3926725562,649693.4613209832,823115.0901076093,1029543.3222978407
2050-09-01,421128.6270561407,515470.45050514245,653389.3719176643,829609.9088349801,1035140.5337904347
2050-10-01,423629.9686131198,519049.97468154813,655110.6285119653,835643.1256002169,1044298.4204297359
2050-11-01,425355.0166976016,521888.14842996106,659884.7000287151,838054.7102988317,1052310.8762698295
2050-12-01,426984.9931240165,525010.2394413521,664479.623997553,845291.4894178146,1055941.619857715
2051-01-01,428404.115436771,529390.4865473136,666175.7960563847,850269.814357887,1063357.6596259633
2051-02-01,430398.67994265497,531013.4342287874,671009.4137510341,858078.9178102853,1070916.8679274183
2051-03-01,431637.6643267479,534118.8712371694,672888.8345480654,859659.0810329475,1078802.470237676
2051-04-01,434081.8301806258,537648.9625569906,678675.7674376753,864502.4361171133,1085698.5537943286
2051-05-01,436659.3250821757,540441.458359503,683317.2431910272,869085.5261335004,1092394.2843676722
2051-06-01,439310.87083807756,541599.9370176904,687324.8497512322,874376.689605953,1097125.002048252
2051-07-01,439773.03463516745,544627.8017905571,691941.3553662205,881559.0374385644,1110711.5379534776
2051-08-01,442156.71227279445,549946.9912407656,696150.8330458363,886380.1908872217,1122312.9433654465
2051-09-01,445022.0594690018,552569.7730986014,699425.5488771063,895250.5265242929,1130779.1504636544
2051-10-01,446630.91734040563,554213.2497055298,702567.2584208336,901071.8628290566,1134303.073986637
2051-11-01,450500.6932034083,555267.6565220179,706108.7385626992,903646.2997590153,1146144.5334049047
2051-12-01,452474.2469033422,559410.6756199595,710153.2151009676,908544.2486303293,1152593.1891491986
2052-01-01,454720.1474537718,561803.707888322,715680.722711052,914601.5950140434,1159313.2832170273
2052-02-01,458015.1784316214,565471.6491779292,718136.8405922547,926186.8341672026,1165990.4005941644
2052-03-01,459218.0887369021,568269.806722782,722354.8956972854,928894.9578498511,1182619.7474763491
2052-04-01,462576.4729229444,571475.4562562986,728090.8273001281,935629.9035530869,1183611.645942105
2052-05-01,464938.69712775206,574858.1416601685,731985.9641705926,939998.6413879764,1192463.5151796297
2052-06-01,467019.0435782065,578917.6587461133,736311.0821757116,946222.9656129645,1201390.2747926656
2052-07-01,470214.7823403721,581334.4067890855,740220.7380767243,951315.9821528387,1208782.4130936156
2052-08-01,472213.4225432104,585044.6724407314,743774.4570485554,957989.3834102203,1216813.722592811
2052-09-01,476442.32664338354,587944.0155775428,748768.8984996052,965327.4210595438,1230079.2666025274
2052-10-01,477652.65609323845,591396.9651650017,753097.8599763192,971154.3826744147,1238023.617280646
2052-11-01,478653.93522827385,593559.0096040353,755537.8490729327,976456.1522761568,1246644.3023934504
2052-12-01,483492.0038479242,596658.5556525183,760423.9927771627,981500.4055370553,1247791.8789170955
2053-01-01,485764.36132156866,598809.783071882,763521.5311275672,986351.5632184456,1263131.51443341
2053-02-01,487290.97596158745,600775.773979996,767639.3411414342,994712.4481741835,1267375.6645400883
2053-03-01,489417.3821310146,603240.1779564895,771553.3236180774,1001585.6102729677,1277388.67381616
2053-04-01,490249.35795612796,607091.3856344015,775649.4005529191,1006266.7317656778,1289205.646739245
2053-05-01,493378.1653855065,610354.3366549653,780322.2392173002,1013406.1321098306,1294724.6705006121
2053-06-01,494636.41704850644,613223.4722771914,784084.6573081112,1020164.2803152045,1304981.3166774916
2053-07-01,496621.4055087186,615657.6091015358,787860.4333378716,1025659.4585087355,1310223.6027993448
2053-08-01,499783.3478800096,620717.5624485365,791341.8492921982,1031178.4830290335,1311864.5682323289
2053-09-01,500821.8921999476,623369.4156073005,796325.0181330947,1034822.9045836701,1323069.8876141498
2053-10-01,504767.3067777694,626813.4546652781,802111.059540628,1038150.1303404785,1329182.2712234443
2053-11-01,507568.3408664247,629842.06655332,806959.1029244621,1044095.5414629059,1341969.5842407285
2053-12-01,510350.5402898379,633604.0252910187,811344.9983047335,1057378.8703318888,1346704.8479284297
2054-01-01,512449.598891672,635529.4806333527,815322.9384554436,1060797.3447319777,1361488.6268960524
2054-02-01,515308.89835014247,639546.5676869263,818843.2793492342,1064450.011396753,1369158.0308271449
2054-03-01,517697.17484153813,644187.0108067319,824703.5558479582,1072120.2980404706,1377812.4401921974
2054-04-01,520761.7262128833,646704.1344070259,827333.2312573288,1081026.600331237,1387443.6839034318
2054-05-01,523986.6755370016,648474.2575469485,832513.6911741369,1084513.574215641,1397719.4033203106
2054-06-01,528320.3837330798,651249.6703506554,838773.3876980024,1090967.9001546262,1406974.8493075215
2054-07-01,528680.3210892533,656029.6532174394,841679.5230391225,1098082.6038940612,1415928.0571643908
2054-08-01,531706.5642043722,658921.7224067254,845938.5192125854,1102663.0836847133,1427130.8933871519
2054-09-01,535107.2115987343,661318.5109046844,849245.9738135402,1110810.141334414,1439692.4228925004
2054-10-01,535768.2695237831,663843.7132276532,854768.4892971391,1113395.8175967988,1443614.87276189
2054-11-01,539411.9895331684,665551.9160945553,856704.135281431,1122710.676399814,1453562.8937511928
2054-12-01,541416.4598878713,670896.9486184939,862641.1021018785,1129949.4189105253,1460556.1426369504
2055-01-01,543871.7281919298,672550.7263384839,867300.5293090758,1138932.327492048,1468600.7384664488
2055-02-01,545071.6442949125,676537.2930446682,873693.764730541,1145284.1793588134,1475557.3688968876
2055-03-01,547478.3745717661,678921.4210579483,876405.1257422598,1149951.1249567678,1487320.594507535
2055-04-01,551228.7926049369,682116.7143763457,880898.8042140605,1156600.9052014118,1494224.1339182027
2055-05-01,553080.7160766918,685738.6286727479,884327.6946730674,1163831.2336889242,1504491.495691259
2055-06-01,555691.186958922,688230.8988198872,891550.3961755706,1167738.954047333,1512121.2537833685
2055-07-01,557428.8476603157,692752.0191331797,896219.2214120888,1172992.9227911977,1520369.9685135484
2055-08-01,558629.0446565382,696161.1057064026,899320.972723761,1178939.5192537715,1528859.9687583295
2055-09-01,561968.5840882327,700777.0766337757,905216.9898156784,1186514.6187476874,1536858.1875472965
2055-10-01,563750.7404318642,703438.4672899434,908678.4344224861,1195974.2694036942,1546591.3255927903
2055-11-01,568975.8794137338,706417.6784086593,914686.8442253467,1204984.984654035,1558114.7294236054
2055-12-01,571545.7525044545,711336.5665764458,919333.5418750625,1212567.5122523499,1570168.4894775432
2056-01-01,572861.2879963297,712007.2533845641,925619.1010747165,1218209.547201462,1576767.1247232277
2056-02-01,574757.4277020661,717982.9431968635,929753.4024730553,1223757.8066545199,1586429.9494230503
2056-03-01,576896.291193634,721019.9031562961,932048.8704761975,1226191.1472751028,1597465.1361642925
2056-04-01,580477.9639101989,724009.5025781501,938341.3161903054,1232714.957980943,1604300.787203744
2056-05-01,583787.5164174011,728124.5961975206,941498.761412639,1238243.5049184377,1614681.0960323375
2056-06-01,582925.5782081794,729925.5395649787,944199.4281608835,1246866.6768340038,1621240.1059567293
2056-07-01,586450.0032590411,734677.052699587,951261.2793268536,1253077.4301927225,1629592.1826272577
2056-08-01,587321.0143809988,738759.8531404828,953871.0680507787,1262972.67530363,1636518.1884044968
2056-09-01,589659.1335005063,742790.7909107383,960048.406861516,1268526.8865876398,1653305.171530704
2056-10-01,595695.964098095,745138.41527536,965054.0748582135,1281803.88809025,1663932.3345038819
2056-11-01,598138.1237327394,748546.4179791417,970160.875913068,1286632.867782976,1675232.353039216
2056-12-01,599119.6828010944,751216.7347760728,974442.0101739424,1291816.5953655366,1687349.4267912363
2057-01-01,601848.9146417303,753947.8028278969,978534.2303143006,1297278.9502471846,1695013.0763639263
2057-02-01,603874.6859950867,757932.4575799842,985685.3134803632,1309839.8892722223,1706152.7449456872
2057-03-01,606999.5929292892,760914.8033946807,987510.9434993598,1318783.7273478354,1715454.6080851823
2057-04-01,608782.9434891129,762834.9062971834,990811.0554489186,1326169.7933137505,1723502.9784286802
2057-05-01,610342.9803813208,764981.3595624946,998015.5312920588,1330257.96345041,1735705.0166327204
2057-06-01,614623.5381004086,770096.7504005488,1001676.453426557,1339549.4881611404,1746755.1538243631
2057-07-01,616571.1945200117,773806.4880517703,1008555.8264028395,1346142.4786171138,1753104.418239521
2057-08-01,618384.8765230607,778000.1896672328,1014576.7640372786,1353197.7976057108,1757997.1236438358
2057-09-01,621928.262222585,782801.2349925982,1018629.080484613,1361111.10235833,1771161.3994508826
2057-10-01,623163.8788450764,787512.2135367007,1024681.333917578,1369457.9399261123,1786728.7019785692
2057-11-01,628186.2353274007,789640.5037260805,1029694.9224834868,1381173.5639411178,1796780.6017160008
2057-12-01,629048.3613402805,792522.2539997927,1032620.2161439857,1388823.4306083163,1810300.5033983316
2058-01-01,631182.4503482758,796226.0798149917,1036802.1474079364,1392135.3673716988,1811509.3574983862
2058-02-01,630075.7929241114,799058.684816384,1042050.9658906804,1403832.8110707372,1821958.8759586664
2058-03-01,636127.1028099197,801862.8500725294,1050240.874733673,1408836.5115122814,1836499.4605381005
2058-04-01,641584.7325275978,805855.2878027611,1054130.8208094728,1420862.8021580074,1854979.4720185155
2058-05-01,642624.7055590965,811850.2979631608,1060162.4700700887,1425708.3192867648,1863838.4909526203
2058-06-01,645689.9670579338,815363.6958551472,1065408.7540993765,1431871.4034582202,1879367.781275977
2058-07-01,648210.5098782482,818006.0498895068,1071832.2664849414,1441715.8560619608,1886906.5387484801
2058-08-01,649646.277361018,819435.5053430137,1080506.227752828,1449553.6359718936,1892997.5064938134
2058-09-01,653009.060257009,825313.1021570904,1083131.6021151883,1456949.717835485,1911946.5586068411
2058-10-01,656607.4032595373,828395.2058575943,1086993.6686279546,1463972.9850072102,1917448.7304854393
2058-11-01,661339.9152123553,831175.0750462238,1092018.631536889,1478120.794952509,1933935.4964481145
2058-12-01,664383.0061134807,834583.6463473613,1100114.6318556687,1485182.273429378,1945035.289071079
2059-01-01,665368.9660561887,837942.160764171,1103306.9938150418,1488751.4387245076,1953327.8845792292
2059-02-01,669214.6038939989,838581.3716833151,1112106.7394227253,1492611.7644249278,1963281.6365731223
2059-03-01,671489.7082452165,847176.7534819341,1117261.2750632365,1505940.6854441066,1971256.7033904921
2059-04-01,675336.1965818679,851463.1342021916,1125053.33058471,1513085.1176893306,1990957.6320711174
2059-05-01,678225.2102941283,857134.7713863283,1127403.5431633242,1521084.9254429345,1995458.0508998972
2059-06-01,677042.1451918046,859620.349565559,1130179.300443447,1527544.5806744879,2011316.738566265
2059-07-01,680205.7420344362,862475.8308454196,1137393.6623653704,1539473.446815318,2024239.888882885
2059-08-01,681707.3925706528,867815.0563922753,1143086.5855714001,1550036.9122258313,2034052.4049703786
2059-09-01,683225.8782928349,870591.953560345,1150522.8237541022,1558180.5924585005,2044607.3499238773
2059-10-01,687001.5519968525,877339.4469263777,1154243.4683403766,1566797.4254355708,2049462.1643382867
2059-11-01,688753.5217034605,878915.8072198704,1160206.934799539,1572506.256415083,2067075.0494735239
2059-12-01,691763.9927499136,882221.8333913777,1168281.761722361,1584847.4567000375,2074460.0248216062
2060-01-01,694018.173122258,887209.2645581414,1173653.5508111992,1592265.9523803743,2086184.4489920721
2060-02-01,698220.4576616747,889658.6702411792,1179829.2779944148,1600764.8760744487,2097474.04317655
2060-03-01,701678.5830154519,897025.9174060561,1184796.5531461374,1605713.4714741756,2115711.3106642393
2060-04-01,703241.359426653,899366.9962184585,1188557.0957430352,1618074.253914503,2120029.5726864003
2060-05-01,707770.1609779691,901767.1446319832,1196681.7854516963,1626847.4848704305,2133057.125909769
2060-06-01,710033.947855347,905419.9282879787,1202907.7481577338,1631890.8538773344,2151518.448599822
2060-07-01,712997.6754468542,909265.6870074477,1203456.5651537003,1640193.0428472606,2155491.0777564896
2060-08-01,717982.2557300649,911484.2362401173,1213926.3845792967,1642543.4059287277,2175800.397836859
2060-09-01,719581.3534958339,914809.1741094558,1221079.0549476303,1654081.7738167017,2187254.9358486193
2060-10-01,723781.4328457575,920199.2978224466,1228954.5325686592,1663845.8619167986,2198157.868606047
2060-11-01,725396.6411397983,924155.6010892063,1232909.5432220874,1674720.709697471,2214463.0264589144
2060-12-01,730218.6369773451,924554.575901519,1238833.9515637094,1679239.1244704844,2228686.777188637
2061-01-01,731026.3609078466,933658.8777907802,1242002.1368059884,1688814.0475383864,2254770.8067761287
2061-02-01,733117.00373402,938831.1269291034,1246119.7134032743,1701016.2174488904,2263078.359830228
2061-03-01,736720.5758652589,943307.4863315052,1253202.8663544694,1708994.3641929561,2287962.9918581317
2061-04-01,736616.409919109,947604.1971835695,1259385.1700549014,1719827.6212496962,2296343.9905103464
2061-05-01,740200.5420754809,952970.8745224602,1260805.947893066,1725582.8181482349,2306551.8432135526
2061-06-01,742696.4767163739,956261.271234356,1269167.7401341018,1733521.4024856256,2321917.1849020524
2061-07-01,748398.2543603996,958439.0363306938,1276777.6722074393,1741693.635032649,2327085.5446638633
2061-08-01,750880.3969833361,962632.2683111017,1281893.3097881353,1753017.6772328655,2346418.2166939243
2061-09-01,753847.4147842843,966586.185301378,1290026.97596613,1762136.6281210924,2356183.3258874784
2061-10-01,756325.101205061,971453.0032706892,1298280.62725846,1778108.6808957292,2368607.8857669136
2061-11-01,760143.9648707813,978887.6795710719,1303703.469200544,1780579.3187953362,2375907.8496622583
2061-12-01,763246.5396987941,980626.8256215379,1306439.0252077547,1794618.165445768,2387481.4066617284
2062-01-01,767377.2327759602,984299.3204047024,1314567.2284362013,1799986.0219847476,2411122.8390838783
2062-02-01,770789.0327927311,986434.8907477957,1322142.304747303,1807951.9785090405,2429230.053129879
2062-03-01,772760.1023718002,994327.232306282,1327220.6795588357,1817186.6362318262,2447999.2629647027
2062-04-01,775518.6211094651,998456.7331665212,1336818.7068479059,1829801.983980209,2453431.287574097
2062-05-01,781632.2852777826,1004729.5827007112,1343382.3332405116,1835221.9915898715,2470756.8354295013
2062-06-01,782780.5421485507,1007131.6416675423,1348099.5390760638,1848030.3259910322,2491002.0613076696
2062-07-01,787091.9259672507,1013991.1366119945,1354401.0260982208,1855084.4198842233,2511704.0488201138
2062-08-01,788283.0456339874,1015947.8799592596,1361941.8248416581,1867133.1078781025,2520130.4679954676
2062-09-01,789370.0009314343,1019824.4157386159,1362797.3002486737,1879682.9512071298,2531961.5301004183
2062-10-01,793788.5965877043,1020218.3075956339,1368935.3333067829,1889484.9201336554,2537808.423899012
2062-11-01,795635.6731432768,1027148.9662043536,1375274.7288048845,1899730.8295940692,2548147.499129458
2062-12-01,799437.9395768149,1030753.8736873141,1383284.4563573024,1909436.5328139046,2563601.1504975553
2063-01-01,803906.972964958,1034700.4449247736,1391936.9140298106,1916495.9099303894,2583637.4701999845
2063-02-01,807603.6963583002,1040774.2743262901,1397635.0338202913,1926338.1800458557,2599633.7053948576
2063-03-01,809921.4178425692,1042674.4344325233,1408087.3800287952,1932970.2124812482,2629725.138749523
2063-04-01,810024.4327695842,1045957.0455573613,1411077.3176976354,1942644.745881418,2649612.93040299
2063-05-01,815767.8478541813,1053922.9155044397,1416593.7885949775,1951454.0060746311,2661990.0653432035
2063-06-01,819221.2371987873,1058961.5270299714,1423354.4075110436,1961519.3455709019,2650472.280782386
2063-07-01,823382.1859262243,1062901.864986539,1428485.60313136,1971288.3416949292,2668785.3203185294
2063-08-01,825891.7849861081,1064653.0499650363,1437396.1449213633,1982404.5750486287,2693709.8215862764
2063-09-01,828268.1824368376,1066267.8872260198,1443496.4251539041,1994570.7465553842,2705513.0308663286
2063-10-01,832217.8415962509,1072471.521186907,1451623.4321089278,2007220.1101471537,2709777.129333515
2063-11-01,839366.6602171345,1074978.5173707474,1458295.48200982,2014112.379604891,2722146.502581229
2063-12-01,839613.8185435443,1081590.657992463,1467187.338243388,2021081.8815565784,2738348.991619952
2064-01-01,840648.2520748837,1085386.2412058013,1474742.5124158638,2033501.864965635,2758281.610866978
2064-02-01,845547.5193798578,1092117.3874310951,1480386.1810174487,2037929.0107158176,2771521.41346165
2064-03-01,849923.5170035723,1100910.4748680317,1487494.467788867,2055247.172747184,2780295.5500238463
2064-04-01,852019.1969306724,1099977.3267962332,1490539.9253992338,2062994.6614873286,2793590.8865086534
2064-05-01,854440.2043026057,1104024.5248429147,1500247.976386378,2070033.5973781883,2817993.8716742243
2064-06-01,854519.8841676326,1110070.426428325,1504109.026856832,2079310.2795281713,2840632.3601600863
2064-07-01,863084.7376250571,1112753.2716455688,1512118.224113287,2094259.2050760062,2853782.687216345
2064-08-01,864061.6956442451,1118701.7725642922,1521430.1613021847,2105989.479407332,2864762.853575722
2064-09-01,867064.8962897588,1125763.4397522393,1524928.9389078938,2115122.876313177,2874765.4005006696
2064-10-01,871488.0334411878,1131812.377803527,1529399.858841318,2120994.50925416,2902565.8598693814
2064-11-01,874955.7638963524,1137067.6975517415,1536599.6951756952,2138647.5633000396,2923973.345676756
2064-12-01,872766.0259926921,1139077.4811515827,1545172.7858799333,2144817.4600898256,2934533.129277954
2065-01-01,878884.0969529037,1144957.8640028709,1549959.45141115,2157321.797866207,2949125.768007013
2065-02-01,879459.9639317847,1151393.2202276143,1561315.5539908428,2170039.61034567,2961841.1274360595
2065-03-01,883124.3442691274,1154639.4183257367,1565249.4675020364,2182016.3248307933,2979138.0445795823
2065-04-01,885374.4461841548,1156755.1126001026,1574069.434126643,2190690.3359312844,2988878.566724281
2065-05-01,889206.6772638916,1166402.7272596024,1582649.0232863664,2201073.4488444123,3007161.3743189136
2065-06-01,892990.9022138674,1169436.8761630664,1591332.0405024015,2212240.3568528136,3016771.687212623
2065-07-01,893277.6776589692,1174894.6054145447,1596766.1875721505,2225756.012935686,3034752.7684379783
2065-08-01,897855.8168418844,1178134.3947967002,1605634.023154899,2233687.4095304585,3044606.59676801
2065-09-01,897532.8211355453,1182598.2676031322,1610819.0399724706,2242071.000376218,3065441.2441734504
2065-10-01,903747.2795527721,1185681.100373393,1617634.9741796183,2251046.770816135,3075229.166522931
2065-11-01,907084.9733635478,1194154.0028232615,1628020.3991357437,2264025.959147048,3083425.1429668977
2065-12-01,907918.0265112893,1196689.0736093973,1635066.258897614,2281522.9273693077,3100749.835827223
2066-01-01,908275.4120012893,1200750.679971496,1641785.7832432394,2290275.7189580053,3111755.8627413167
2066-02-01,916186.6452871064,1206802.7335955477,1645151.3483486418,2296821.748313096,3135756.840195353
2066-03-01,920490.4785865867,1212180.1557159564,1657531.0609374228,2304055.6579410736,3138736.1202205867
2066-04-01,923368.2919372042,1217606.7353315004,1661646.4892539745,2303830.770084579,3160240.174003779
2066-05-01,926416.1261191145,1222376.7454372332,1670400.9361291025,2315546.7931053946,3189468.0039327713
2066-06-01,927026.8268060292,1225217.306739757,1678606.4267975385,2331225.9848110895,3200580.8680998324
2066-07-01,930407.9615890969,1229196.1887166612,1680743.9962179477,2341358.914296291,3219073.311092704
2066-08-01,936524.8347142276,1236874.6392704546,1692757.9954308756,2351939.1607322088,3241423.9117038944
2066-09-01,937963.5732639588,1240253.4034185004,1697879.9126894874,2367053.5968984147,3270700.9261619975
2066-10-01,942059.0937753326,1244726.444335238,1708164.4002420574,2374696.265732392,3282923.207886452
2066-11-01,945457.8148172481,1253149.7914907234,1716891.2539233868,2382262.4678655043,3296301.9275939753
2066-12-01,949348.1860876918,1254062.9759080498,1724921.1094463884,2396893.245505738,3307095.3826097874
2067-01-01,953315.5087783813,1258796.605436706,1739613.4710613126,2418151.249339057,3312125.63388352
2067-02-01,955417.8416438216,1264499.0549007293,1745327.513304081,2431325.1466575256,3335640.9492923836
2067-03-01,957358.4864151804,1268708.9936518625,1746983.1377927777,2444123.0282959435,3364825.404788071
2067-04-01,960469.1694747476,1274816.6877174096,1760665.3294284157,2460200.0414135046,3370799.5672263526
2067-05-01,966581.871283195,1282067.39111608,1764345.8554076226,2465359.9156681234,3392879.396060654
2067-06-01,970919.4109793699,1288736.2606748343,1772150.1453518241,2475909.2201062418,3399795.3800617405
2067-07-01,975162.4820536347,1293369.3366858512,1781180.585523941,2491281.385934909,3436926.96194558
2067-08-01,977321.2030106896,1293189.8811766536,1792780.4393970626,2502336.862962913,3450730.4949871725
2067-09-01,976879.7739776549,1296541.904388413,1799493.4154955652,2508952.62838609,3462290.224573499
2067-10-01,981337.3747114749,1303850.1413945535,1801950.5091497595,2517880.256008812,3498489.5124550974
2067-11-01,987484.5987574243,1308615.2759376909,1806131.6969294448,2529519.2975930106,3507410.062047041
2067-12-01,994291.5029611697,1313624.3763320222,1816286.6328719158,2539092.537505823,3529267.9552444997
2068-01-01,999902.0280909635,1317810.7100016011,1824379.1169176819,2565606.279225342,3535450.4871555455
2068-02-01,1000094.2783792884,1320105.7369047967,1833936.5242956546,2579140.390732693,3553804.239415707
2068-03-01,1002906.1629251668,1330298.0662360988,1840326.7396235676,2592323.4892584803,3586831.6769421003
2068-04-01,1008126.8786240185,1331439.9356885816,1847089.0261345725,2609915.5182931894,3614709.0020764973
2068-05-01,1011297.1222309058,1338617.8666061484,1862745.780666956,2616593.0752248745,3629698.2061443822
2068-06-01,1015142.5712596938,1345087.3774386563,1868497.8489071345,2622846.72672891,3644631.7321387315
2068-07-01,1017393.6171993475,1347070.459221673,1876303.9489500602,2636675.688898113,3668890.2017419394
2068-08-01,1020236.8142235373,1354118.9043361535,1881965.5457723094,2644132.369970869,3670845.8790121386
2068-09-01,1024307.8585760087,1355480.91432753,1890485.0875108829,2652561.6875264007,3687162.4015061785
2068-10-01,1030201.8052277651,1357616.1560218665,1900105.154856552,2673424.186329681,3691402.009529482
2068-11-01,1034644.8575987165,1365070.7519386078,1909720.3119770912,2689344.3062500525,3702740.577053084
2068-12-01,1040626.8731186228,1370795.3705558914,1919646.6054676592,2703737.492959396,3729565.796901163
2069-01-01,1044816.1126972253,1377951.8573005483,1930909.9788341566,2720499.3441472696,3741086.914094245
2069-02-01,1049734.6938256004,1380920.133881002,1938882.6566881821,2732284.140353711,3768325.76950423
2069-03-01,1050533.240777785,1386177.798570396,1947188.3229013458,2747838.729068822,3810823.6961074974
2069-04-01,1050284.8611242052,1395799.612136766,1956567.2731288401,2772716.177961235,3829454.262605978
2069-05-01,1052496.8987534104,1397348.6193785563,1957838.1960235327,2789839.4979244685,3849949.7076466614
2069-06-01,1055228.7498849616,1406289.820973175,1963253.1614077454,2803258.85469938,3852728.5391265117
2069-07-01,1056900.1085258794,1409179.0140707255,1974067.2872438505,2815385.5997942253,3890306.310339792
2069-08-01,1060181.9894047526,1413575.7523469003,1983688.6962979357,2828339.461069882,3914915.7426896878
2069-09-01,1060078.7150051864,1424453.8565180236,1989944.417142709,2838904.406763452,3941464.8950147033
2069-10-01,1063394.5871417513,1430673.0105075052,1999638.4353879406,2852619.6317022266,3974990.20603978
2069-11-01,1068510.965351542,1434793.3515708493,2008856.5326595171,2865465.7095856867,3967169.8273335285
2069-12-01,1074039.3640826463,1439867.4857417385,2011721.6165281557,2877414.98447885,3983632.7946116445
2070-01-01,1074907.7552613334,1444772.671045917,2022258.3504611417,2893655.010935002,4021657.6340564685
2070-02-01,1076212.480235238,1446947.096847637,2031312.923358267,2904149.281443253,4039636.29432033
2070-03-01,1078727.2267831203,1452867.0972624915,2039154.6052296609,2921596.6696796888,4058730.683394323
2070-04-01,1083613.612889854,1454383.5726537355,2048097.2582603104,2933147.1827265495,4101774.223968923
2070-05-01,1082094.168948826,1460113.5366327912,2056793.339059016,2945855.9111772547,4126851.557565919
2070-06-01,1086536.1704678414,1462305.1485750456,2060485.3608954088,2955642.8246746655,4148004.670667307
2070-07-01,1091378.127724335,1475878.9972052441,2073450.1542525669,2970580.5712934304,4168060.6667913133
2070-08-01,1094011.660957538,1477617.5953065227,2086305.1501720985,2983143.0467380285,4200648.379424972
2070-09-01,1097768.931640981,1483906.6505206884,2085806.4272057717,2997380.969497936,4211201.293952092
2070-10-01,1098800.16947261,1490615.0947501033,2100833.6681491137,3009841.6653894945,4237743.394928175
2070-11-01,1099978.3740248987,1494391.218163333,2107799.373353,3017085.7693491513,4240678.517619321
2070-12-01,1101436.9887254047,1497603.4053337486,2112965.9909450226,3028420.4775361675,4266469.683579036
2071-01-01,1103158.6546384094,1503372.7354685026,2120331.3089255085,3039717.568567968,4279643.515209829
2071-02-01,1103855.0854122508,1500558.6835125387,2125679.740316487,3059432.801324413,4284915.155676288
2071-03-01,1111602.2476207789,1503343.3400240715,2136780.0139196753,3058987.4264263567,4303023.002181635
2071-04-01,1113183.2518292537,1506563.485834267,2139576.555563395,3078886.3060389655,4346092.862385903
2071-05-01,1113917.0021864353,1510335.861064485,2142047.551533822,3097152.966403115,4363945.924355707
