,VWRP,VUSA,VUKE,VFEM,WLDS,IWVL,IWQU,INFR,AGGG,IGLS,SGLN
2000-05-31,,,6312.7001953125,,,,,,,,
2000-06-30,,,6365.2998046875,,,,,,,,
2000-07-31,,,6672.7001953125,,,,,,,,
2000-08-31,,,6294.2001953125,,,,,,,,
2000-09-30,,,6438.39990234375,,,,,,,,
2000-11-30,,,6142.2001953125,,,,,,,,
2000-12-31,,,6222.5,,,,,,,,
2001-01-31,,,6297.5,,,,,,,,
2001-02-28,,,5917.89990234375,,,,,,,,
2001-03-31,,,5967.0,,,,,,,,
2001-04-30,,,5796.2001953125,,,,,,,,
2001-05-31,,,5642.5,,,,,,,,
2001-06-30,,,5529.10009765625,,,,,,,,
2001-07-31,,,5345.0,,,,,,,,
2001-08-31,,,4903.39990234375,,,,,,,,
2001-09-30,,,5039.7001953125,,,,,,,,
2001-11-30,,,5203.60009765625,,,,,,,,
2001-12-31,,,5217.39990234375,,,,,,,,
2002-01-31,,,5164.7998046875,,,,,,,,
2002-02-28,,,5101.0,,,,,,,,
2002-03-31,,,5165.60009765625,,,,,,,,
2002-04-30,,,5085.10009765625,,,,,,,,
2002-05-31,,,4656.39990234375,,,,,,,,
2002-06-30,,,4246.2001953125,,,,,,,,
2002-07-31,,,4227.2998046875,,,,,,,,
2002-08-31,,,3721.800048828125,,,,,,,,
2002-09-30,,,4039.699951171875,,,,,,,,
2002-11-30,,,4169.39990234375,,,,,,,,
2002-12-31,,,3940.39990234375,,,,,,,,
2003-01-31,,,3567.39990234375,,,,,,,,
2003-02-28,,,3655.60009765625,,,,,,,,
2003-03-31,,,3926.0,,,,,,,,
2003-04-30,,,4048.10009765625,,,,,,,,
2003-05-31,,,4031.199951171875,,,,,,,,
2003-06-30,,,4157.0,,,,,,,,
2003-07-31,,,4161.10009765625,,,,,,,,
2003-08-31,,,4091.300048828125,,,,,,,,
2003-09-30,,,4287.60009765625,,,,,,,,
2003-11-30,,,4342.60009765625,,,,,,,,
2003-12-31,,621.5966650959249,4476.89990234375,6.566182109151027,22.989797508924806,18.525490500277595,5.835015866358063,,27.813757872118693,29.92256369584548,
2004-01-31,12.269810343629768,619.9723544494223,4390.7001953125,6.628083084055641,23.649399283339974,18.72770826257706,5.860392556991277,6.964387007714518,27.541849315310156,29.573420148310806,22.434286540573
2004-02-29,12.355000537420866,610.8025526833727,4492.2001953125,6.706416736982391,23.237622037104824,18.57640612157629,5.736241881681849,7.0338229042559055,27.039741506085225,28.88222393902539,
2004-03-31,12.301908608412946,633.2002983650713,4489.7001953125,7.106837229038624,24.679242333952658,19.397760733813463,5.882321668458336,6.97559292237661,28.701893039111255,30.52733070567066,21.281340931634038
2004-04-30,12.974272331297545,604.2203907190008,4430.7001953125,6.221404051234359,22.67158792179271,18.40772942611297,5.680562787731746,7.36983426752438,27.070879330787015,29.31055042258062,23.19272271039901
2004-05-31,12.165053710051131,615.6904227003444,4464.10009765625,6.3370192670104535,23.317148547683274,18.78992038024359,5.82514435014486,6.902686461092918,27.147512510520535,29.509845111146813,20.386286905861134
2004-06-30,12.387658177637675,626.1158066307281,4413.10009765625,6.388948712273566,24.214403230606706,19.076840420687027,5.889596904952741,7.033329176835339,27.303575897294614,29.470506758770327,20.896525738187286
2004-07-31,12.789807662713544,611.2232312390007,4459.2998046875,6.223492212140872,22.880628663527848,18.979968823431765,5.679367050851403,7.085678883148532,27.85620472569051,29.865479390992128,20.800671320509007
2004-08-31,12.377417701519473,609.1319332626025,4570.7998046875,6.40656289566623,22.406973234467987,19.086974597003238,5.633435668147963,7.334941569837844,28.145016362917314,29.916234331337797,
2004-09-30,12.453450011190224,605.2614828966455,4624.2001953125,6.746808932658083,23.17989867095612,19.044509479076737,5.539541165765636,7.5894857729450145,27.85217746617316,29.426608946848084,20.941244940106625
2004-11-30,12.513510936987394,614.694295894058,4703.2001953125,7.357043269311803,24.97006220533992,19.654011809313534,5.62462523913966,7.456416743284676,26.902036234488772,28.294904475855432,21.94986689503525
2004-12-31,13.249126513640519,631.2770396864206,4814.2998046875,7.572725796561493,25.350388326153606,20.043761772810182,5.715510226258393,7.942305999989541,26.884250273605776,28.154019016571585,22.81498189156673
2005-01-31,13.603232990938002,626.9354383507008,4852.2998046875,7.768700992648771,24.859190858642197,20.034715375224476,5.748782724712561,8.01818473113399,27.691137021162874,28.780746703486923,22.407421279490457
2005-02-28,13.805337759301729,627.1357282130033,4968.5,8.365472295263105,24.806515460080547,20.037822206263066,5.781779989615782,8.422361204031395,27.003768766734677,28.123879906066247,22.68130445107035
2005-03-31,14.066535572528025,618.4992858238007,4801.7001953125,7.74573016561481,24.126005774987814,19.63796728173066,5.674693006656506,8.446097524449526,26.891710703524915,28.28425880214125,22.432969953138723
2005-04-30,13.772181703445435,636.4409739676861,4964.0,8.032511847402557,24.00977606230174,20.330175971613585,5.890450310492812,8.521367367552017,28.70917795202303,29.846527548100696,23.84900015785825
2005-05-31,14.228555903039299,665.5361858291973,5113.2001953125,8.413220769787946,25.953180735178826,21.333640165012586,6.172072111304257,9.294804708146193,29.39375680100274,30.42336459314239,23.264442429973727
2005-06-30,14.321546386840811,679.0580814271744,5282.2998046875,8.926133679639184,27.500973849305858,22.020988178453333,6.201775161760093,9.430773884920077,30.254411947769277,31.1226734840648,24.760799453361507
2005-07-31,14.823995975632153,684.3651920135986,5296.89990234375,9.35060016333988,28.57855792236431,22.169240079548043,6.310680914452142,10.114077803534414,29.132251429719727,30.164835521499423,23.744118392658894
2005-08-31,14.853311073875268,691.5609460960661,5477.7001953125,9.682580765105701,28.621744514933773,22.434534143968108,6.398006398354446,10.142756789474113,30.123709986302366,31.03262112300065,24.594779442144993
2005-09-30,15.76215687368684,694.7200890923415,5317.2998046875,10.495569544453804,28.4939866780692,22.550280944293092,6.3916066430784575,10.43319018290652,29.76924940686318,30.848964043403402,26.402313737380993
2005-11-30,16.30584087459722,721.8620841883354,5423.2001953125,10.626654026582056,29.672808815735873,23.5498478816552,6.668036827963191,10.767431844533903,30.22205166755108,31.61830819607099,28.36654271073341
2005-12-31,16.504871554296454,725.4562262297125,5618.7998046875,11.21723866617515,29.525917697553922,23.61705357861015,6.6716094477793755,10.360118078980841,30.62497924207903,31.8188419778542,29.976233332264115
2006-01-31,17.145229016038694,719.7121657761269,5760.2998046875,12.531200014584472,31.094776084440344,23.619761880329975,6.60850831070316,10.418310805682799,29.835962347663138,31.021538438028422,31.879008928767114
2006-02-28,17.869874337422925,730.0530670545983,5791.5,12.216330654875227,31.627479059730117,24.216766391622002,6.697101460404462,10.415179181998248,30.187743959402273,31.366869885895007,31.96326437498042
2006-03-31,17.99159942354254,709.7959709106782,6023.10009765625,12.001601232682555,31.832936488488365,23.668504581718476,6.483470069351463,10.697989142510226,28.775411171904455,30.202050419487154,31.84809670650798
2006-04-30,17.99331899518199,700.2589337971411,5723.7998046875,12.46029297875063,31.192785969437427,23.8119782425466,6.325865118897021,9.737443333127501,28.001921761039345,29.507987263587946,34.77758596826546
2006-05-31,18.37854266636392,686.9027944598984,5833.39990234375,11.207190326007643,29.77984345949336,23.46475788392184,6.176750919918214,9.7144882293985,28.289579693085084,29.91951552156078,34.737514649641945
2006-06-30,17.892176786442196,679.8998854817141,5928.2998046875,11.115654407843728,29.416276553460936,23.210008491083915,6.08719048493233,9.99333187256221,27.950771238892344,29.67991963620105,32.77457981194549
2006-07-31,17.697403997362365,670.8337888388934,5906.10009765625,11.167593619593903,28.094867846803055,23.102458589981293,6.005839649974289,10.033533386697666,27.817583381132653,29.32593566663345,33.18805387992581
2006-08-31,17.51387555962991,696.591882907306,5960.7998046875,11.534428779194277,29.422729732027733,23.818446455702208,6.306921982680793,10.40887461357666,28.728914885709983,30.038025573424477,33.27967879885855
2006-09-30,18.261351944255416,700.0254807055302,6129.2001953125,11.214850788771054,28.951296914637712,23.86372958762739,6.3160460315880735,10.87424602390366,28.469308203704962,29.591303831232587,31.164065540983355
2006-11-30,17.95108845627305,712.2763531378365,6048.89990234375,12.348773002824895,30.561637937776144,24.518950592144247,6.475015389069753,10.426558708371509,28.105449046205038,28.973827851203307,32.74488893135172
2006-12-31,18.628974413870157,723.9145498781323,6220.7998046875,12.887470293649457,30.6583084261807,25.012483694896233,6.493824717655049,11.025248728314374,27.943840470584856,29.01410024120419,32.263016611218056
2007-01-31,18.89618732036808,732.5244034821412,6203.10009765625,13.057818384961795,31.24236161880379,25.57369544324599,6.590222311056003,11.059766275437338,28.07786251190103,29.192491583744737,33.0192170579964
2007-02-28,19.522285783602882,716.2964400168566,6171.5,12.631154096714086,31.027881287401627,25.085948147985842,6.437969074717334,11.097008709255732,28.412749272596752,29.285329443247676,33.84895832795915
2007-03-31,19.492496680947134,710.4299926757812,6449.2001953125,13.065611839294434,30.709325790405273,24.86857795715332,6.354591369628906,11.681702510164188,27.84822654724121,28.89893341064453,32.869998931884766
2007-04-30,19.696836050717682,748.7450968869116,6621.5,13.690579423567796,31.586866328480518,26.31753820008603,6.753019421698795,11.819889938786154,28.29895514256661,29.27427230648509,33.88715770935805
2007-05-31,20.64358857506925,762.1416333698621,6607.89990234375,14.179758700708176,32.499867453847166,26.880828009228015,6.853621679683257,12.594568779672997,27.643505576851187,28.84244364058042,32.63433347804785
2007-06-30,20.8312889824264,740.7907103735258,6360.10009765625,14.548696994546432,31.639542943610444,25.94129508709025,6.6764989085816735,12.472421815834284,27.239340872617735,28.677039331004035,31.669682537071804
2007-07-31,20.548849923277384,721.435568457572,6303.2998046875,14.741205714472798,29.660295675543363,25.22258259459361,6.586242994515934,11.676219239741021,27.699158922324685,29.106714544541447,32.61473545961306
2007-08-31,20.199613083086806,720.5010291186803,6466.7998046875,14.6864424962092,29.867755132103735,25.158107148846536,6.599591662303163,11.355913836609409,27.659314575842394,29.00140141012742,32.51563874642029
2007-09-30,19.791047456955145,734.0919473529934,6721.60009765625,16.118044334719556,29.86460590118501,25.369761273087917,6.769499512279338,11.373961642741591,27.38092067033419,28.684096523409732,35.34507982191461
2007-11-30,20.502746687922972,720.1599156074121,6432.5,16.83890498298817,28.991281828351504,24.878244912390524,6.750033559964527,11.535859509677243,28.47631825743217,29.66879850690037,37.59453117483061
2007-12-31,20.830910353883706,739.1283485434502,6456.89990234375,16.9699210226047,29.720187735956333,25.03766630392811,6.974138630936468,12.612558316734681,29.362557399851603,30.714279327892555,41.5078887685761
2008-01-31,20.40135343448609,692.5283840367939,5879.7998046875,15.622704929813635,27.81564317539405,24.26686916111723,6.384329516600393,12.935203372778231,30.2245407943276,31.37110525559335,45.91570354045896
2008-02-29,19.242202979944064,669.7992098960119,5884.2998046875,15.96631289906117,27.054364518948365,23.16122171786861,6.324048726379615,12.829382003306952,30.11564417297559,31.674988171242603,48.41412562155357
2008-03-31,19.083651854008522,665.4106456118631,6087.2998046875,15.357923884455095,26.81443010553689,22.82436915560114,6.276237729037526,12.622705366824363,30.14544373547849,31.758881663162683,45.48255925561593
2008-04-30,19.152198837158462,699.972350324772,6053.5,16.831680415985705,28.199128633669023,23.936496947399444,6.688779758323695,13.224565385777671,30.361281108203183,31.6201745647414,43.77384848323891
2008-05-31,19.18686532003993,702.6546858314571,5625.89990234375,17.246643287589034,29.290964123469713,23.78107670444129,6.811711694090697,13.423008598866145,29.800049251221726,31.301968188639478,43.878911379323114
2008-06-30,17.74230960064758,645.4527882029507,5411.89990234375,15.547765673396178,27.221350604689423,21.100571417167235,6.423019423182328,12.444642361429624,29.87140474799588,31.511590466690414,46.08936392705664
2008-07-31,18.82020275125737,700.0119997308343,5636.60009765625,16.276984612653656,30.796501952833594,23.587900556727778,6.852605342990638,13.171800237482053,32.85040118717323,34.66702801232105,49.75388752747787
2008-08-31,18.800786261495162,719.8471915433744,4902.5,15.492193608698779,32.52738519889827,24.303496134414996,7.088773096933118,12.804880520562103,33.61598959143367,35.36433547558485,45.8507482494912
2008-09-30,18.28941857989137,725.6625679121747,4377.2998046875,14.655015386368014,33.19866863842788,24.74662752217805,7.067940098667667,12.749967125363948,36.61904174570733,39.52994632738213,52.92715388570782
2008-11-30,14.25972696269592,583.9541554951664,4288.0,10.308043612211314,24.255534072341067,19.67302228231274,5.821740721360136,10.024416506513457,38.598022113376125,42.272989302777994,52.326784469730484
2008-12-31,15.748801895883858,616.2964752151056,4434.2001953125,11.74463350214699,26.41971677567001,20.651760830763603,6.154019740981766,11.467514053525402,42.95942420726664,44.367263728662685,59.03345581704357
2009-01-31,14.191728408836482,573.0120776972469,4149.60009765625,10.985654069441653,24.453164298781843,18.649522801724697,5.980592809194219,10.343516424965223,43.148776966183355,45.24614640609002,63.35270391127158
2009-02-28,12.934709823804733,514.8423870875578,3830.10009765625,10.394283883668193,21.726462636622863,16.35463579495848,5.508855266366837,9.197821565149116,42.9426153291126,45.533028148511555,64.87620177064416
2009-03-31,13.63915781402331,539.5356591530643,4243.7001953125,11.728048988701946,22.53084840758827,17.036115818386982,5.70886759414198,9.480833841052737,41.932742428021406,44.1864265039686,61.04914202541429
2009-04-30,14.059905667745685,539.483831682681,4417.89990234375,12.387887533411673,23.840584797493353,17.580451654793347,5.679455427670893,9.168652430471742,38.51800214624594,40.31642774133404,53.941582144601334
2009-05-31,15.262178998523899,558.1753730613947,4249.2001953125,14.111098128557684,24.21979916617258,18.394842692716715,5.866600064719718,10.361120099960836,38.1208069549807,39.62038396022416,58.42033675971393
2009-06-30,14.699323011859352,550.3233346968054,4608.39990234375,13.487220517961436,24.307455432874786,17.886716880117124,5.79142873698624,10.02137235318246,37.743542608692174,39.03519613302958,54.58217098053812
2009-07-31,16.62345148931562,606.1151987168793,4908.89990234375,15.477395241565619,27.1146748149514,20.023587879426458,6.366661105696482,11.125104853556241,39.1788214840766,40.0781111433062,57.29822780660702
2009-08-31,17.426880086558704,637.8058476740514,5133.89990234375,15.550802991561584,28.51517179845392,21.51893751036895,6.619270054265318,11.574709440338582,40.379781384738145,40.9710982038875,58.36752898333228
2009-09-30,17.779075145899554,642.6834948287031,5044.60009765625,16.671748068092885,29.21660769707221,21.44675131868035,6.676015795898186,11.899766812929816,39.753851167015256,39.95670289978493,60.09882423678598
2009-11-30,18.221730419923816,665.7157181030238,5190.7001953125,17.35102498502634,28.222983071958534,22.084600441738388,7.06808541183344,12.14435123395352,40.334047689290145,40.185867659999786,70.26401695100265
2009-12-31,18.754149981225773,689.0982967350669,5412.89990234375,18.073662604159768,30.85368013561351,22.705304425023495,7.314735415974957,12.293701870549684,40.122494163487474,40.29824068863444,66.31435580600302
2010-01-31,18.110301921798087,672.1782232829235,5188.5,17.027674274505404,30.207566609877496,22.673616674287636,7.046869571550177,12.230507126901712,41.47419594771257,41.470576085749656,66.32460562964944
2010-02-28,19.473322924194715,727.5717419763894,5354.5,18.238272109165127,33.213137125546446,24.48229905900769,7.672608272932923,12.91444547150249,43.59746427038171,43.66976022203929,72.08591897661148
2010-03-31,20.543990909617182,764.3278443695795,5553.2998046875,19.56340762511645,35.577170354998806,25.750364306409914,8.025131941524293,13.283310672044914,43.25519291001252,43.21641292802156,71.20863368208421
2010-04-30,21.595014194369487,817.1665830319515,5188.39990234375,20.577380800419114,39.71057030885795,27.782071874741163,8.597542116228913,13.806861516262225,46.016824738056975,45.66576349930385,79.43805220562926
2010-05-31,19.01727307644293,728.9787011470368,4916.89990234375,18.11753483806715,35.680097700940834,24.858213104992217,7.684612939391993,11.993519894162633,45.205203005851445,44.57733885387256,79.5485476278127
2010-06-30,17.303391209761223,656.5828544385715,5258.0,16.894502007667377,31.336686988875588,22.173293938360253,6.9332131274321265,11.069471457527941,43.79188300336955,42.61845632415984,77.5125932185525
2010-07-31,19.376353274091432,712.2725114043188,5225.2001953125,19.148713180928382,33.83653394726747,24.22987659834468,7.553266876900414,12.681134836766955,44.83514229779634,43.341055709682266,74.67352273383314
2010-08-31,18.15956942209828,664.3097942707093,5548.60009765625,18.142055780507725,30.764790776116563,22.62675311692694,7.074183551663937,12.179134160589461,44.47290303869198,42.538568176180306,77.28640589455273
2010-09-30,19.968326261363586,723.4636794078,5675.2001953125,20.30294778219366,34.55430009944615,24.23000891682594,7.766787404172839,13.088621793043032,44.536896154081305,42.64810036239389,81.08854349969889
2010-11-30,20.547937177037337,758.8930318841433,5528.2998046875,20.591937037261822,37.858396370250624,25.25048568925574,8.33011175297498,13.163177489766655,44.86053898173539,43.2531843375407,87.05204246968619
2010-12-31,22.104215743229954,814.6866464153004,5899.89990234375,22.076126490289763,41.029492619026456,27.37967743970673,8.81182067772242,13.726739996721129,44.638055955332604,43.4817039225754,89.86143194307706
2011-01-31,21.999444066935787,812.4934230527865,5862.89990234375,20.875540504076604,40.04510061582653,27.718432780861985,8.75349098024585,14.185535694073243,43.863080810541675,42.52665327015086,82.0440684269105
2011-02-28,22.30097000973638,824.3363577063612,5994.0,20.514989948948806,41.552592504840426,28.257615513047856,8.885133403178575,14.380173625893582,43.12027868992044,41.725869517734644,85.50063179093813
2011-03-31,21.379224211046488,796.2934879716155,6069.89990234375,21.085591326899046,41.10907574873026,27.132105099388948,8.584376682084386,13.701484479968062,41.61624899065987,40.29954966855554,83.99991809291672
2011-04-30,22.629792838495234,827.0430654500328,5990.0,21.87495231707906,42.69747988351919,28.20540717816306,8.985325951626743,14.53318630075104,42.67256185187017,40.91051228014161,92.41392274773935
2011-05-31,22.75632238185466,836.7816297062666,5945.7001953125,21.77582195413359,43.00576503934915,28.401965262642094,9.172703802268286,14.717265100452162,44.308922581892865,42.112090209399426,93.08356162920795
2011-06-30,21.69747755461011,806.8186291310348,5815.2001953125,20.976719776631974,41.22139743098805,27.149813100134427,8.860788986461321,14.088103007512554,43.3255384468383,41.35737354672482,89.19578276180656
2011-07-31,21.53546685415439,792.4390423301344,5394.5,21.04664904802538,39.846130825173326,26.40849150965264,8.878425600203043,13.931514494808377,44.223523554278344,41.63293210755778,97.06500746464009
2011-08-31,20.85632565300894,781.3693974475406,5128.5,19.965891399885006,38.065515631834735,25.898717779028335,8.834224023539532,13.70209324170784,46.9377572458308,43.67318175246138,113.92740001094322
2011-09-30,18.08489359537572,702.2271801710982,5544.2001953125,15.871628282080925,32.61887245317919,23.062887879768788,7.9641173826589595,12.435663167630057,45.82510568323699,42.24470448092485,98.10152027745664
2011-11-30,20.557444048709215,799.4385347066217,5505.39990234375,18.687949854583735,38.78480395056565,26.56821495591809,9.103389306405607,13.759763800024242,47.21487842185253,43.67429018718781,109.07205208970059
2011-12-31,20.374985626532027,815.7799077360614,5572.2998046875,17.930337842033442,39.25340275180286,27.2065375520045,9.202691068916632,13.530981928056027,48.278240955077216,44.194133645452496,98.5928713939801
2012-01-31,21.326396100417053,835.4802211455481,5681.60009765625,19.717656644004297,41.476472247071534,28.203511458121163,9.4507714990221,14.006586526246387,47.98877576760594,43.45025181366244,107.78274359264681
2012-02-29,22.080953072613987,857.7290122024082,5871.5,20.478688986087548,41.97128623174842,28.976328017022578,9.727765756889218,14.308594394588953,47.22138902906327,42.791302433743276,103.18397290283744
2012-03-31,21.834228830324463,865.0822702578508,5737.7998046875,19.403336369698177,41.93636695981096,29.121769212988436,9.78976274253669,14.020553122143799,45.913578188664495,41.81279782020195,99.5741026414324
2012-04-30,22.69738735745002,902.8680842335693,5320.89990234375,20.057034467614756,43.51814387288772,30.375765586835186,10.33138765125797,14.789291962874255,48.73253159282407,44.0600710990604,104.5534307005903
2012-05-31,20.29746837460521,834.2346731115344,5571.2001953125,17.65437271297534,40.07530926394597,27.961090962466347,9.628717508444545,13.437410945781416,48.56200040649783,43.45749023866341,96.5303864719707
2012-06-30,21.027312159722698,866.8786500922326,5635.2998046875,18.316538107454132,41.87475314544912,29.09418181528516,9.928683302045428,13.932440430016815,48.52996230657797,43.39757923034409,98.76291804819614
2012-07-31,21.388543506548608,873.5233007002637,5711.5,18.44075510944243,41.240844616600434,29.351189669110397,10.095918817853235,14.278645687847712,48.957753164987,43.28241471227103,99.10511806398796
2012-08-31,21.50015036670204,871.2074584246959,5742.10009765625,18.109195981528337,41.76034995828644,29.341427514204725,10.107622982647763,14.038153197125393,47.88402337731513,42.334110012606,101.71458029821855
2012-09-30,22.178843903372357,896.2408435266391,5782.7001953125,19.13798198502856,43.143336937514185,30.204853333570647,10.320376970619252,14.427228028958035,48.222793551631,42.528085764672205,106.93276971657492
2012-11-30,22.46319824860189,882.8466274446592,5866.7998046875,19.3914246800792,42.69461864516048,30.2713101992008,10.181750730758658,14.457376108790127,48.420945524007074,42.60983050144613,103.51556978738681
2012-12-31,22.71430705049349,882.383774948757,5897.7998046875,20.424165285669645,43.52907771623596,30.493202573953745,10.030824045330876,14.535620430106972,47.65823209320305,42.27856934289127,100.24178325516924
2013-01-31,24.355123793167067,948.3036450325588,6276.89990234375,20.96803136397919,47.723145800170464,33.446250399463636,10.731728033461753,15.562833639384417,48.847185417907816,43.28193149109069,102.03960068351199
2013-02-28,25.34161637523494,998.6286182440595,6360.7998046875,21.340397214415585,50.20534685958414,35.24014340072618,11.30965002885211,16.120739047869353,51.079510946118155,45.09623432409275,100.8729059427488
2013-03-31,25.260272294729138,1012.7551346278456,6430.10009765625,20.677753795450737,51.29243747313914,35.6168263918371,11.44923152345668,16.136859191905174,50.053098380046556,44.16162758258605,99.68202275908645
2013-04-30,26.42943381273919,1049.0283076017947,6583.10009765625,21.29364764080357,52.14954995475947,37.070386187951215,11.932161825758946,17.173199413951366,51.39422760726789,44.96163858158196,93.74849364569953
2013-05-31,26.371047488820405,1072.5540458819069,6215.5,20.298636730536806,54.28839999796146,38.04533777524616,12.227473084493697,16.19689225525736,50.47505975452133,44.97519849242587,88.08052584762822
2013-06-30,25.29880095758212,1053.8481960632892,6621.10009765625,18.92137723328093,53.71084846002484,37.364224317108004,11.916312221701425,15.530076795996356,49.56291142318449,44.819575983112095,78.14568878831324
2013-07-31,26.329985307008812,1086.7900955805285,6412.89990234375,19.086973623475462,56.403054309962016,38.85370751709661,12.377090492624838,16.287154446101592,48.831390586556076,44.113780531686764,82.4958096769617
2013-08-31,24.67906564419584,1009.9429438630959,6462.2001953125,17.84572400424552,52.62570944161544,35.93140051626853,11.594300107553487,15.091602128184764,46.45458467750616,42.27737357156907,83.25842888154695
2013-09-30,26.278145033295488,1049.253594747225,6731.39990234375,19.302265081082883,56.38985479681097,36.93531511718526,12.102544587198492,16.245425054819304,47.395868090906134,42.749142294245644,79.9817514699994
2013-11-30,27.159160961223574,1103.1874186714006,6650.60009765625,19.63514566540231,58.9383567449975,39.03116988213525,12.794990027187458,16.326254146356668,46.67703439112826,41.92113044823328,73.73683485331212
2013-12-31,27.283000465126094,1120.5497102429208,6749.10009765625,19.231987493340373,59.44107742745088,39.3825692478515,13.045956134764577,16.272492778115197,45.965697456433816,41.51653654795496,70.39658749501702
2014-01-31,26.229318864579934,1080.4634218860945,6510.39990234375,17.726347408320336,58.00326781069184,38.02101453867228,12.714311653878832,16.27005732072038,46.84531324659875,41.611673886279235,72.78894802811043
2014-02-28,27.274435231878073,1113.9777979983362,6809.7001953125,18.11257804191626,60.07025013335356,39.000042493167705,13.222388314564565,16.82201983095432,46.387686665522565,41.13389368609376,76.4558624181212
2014-03-31,27.214470531042306,1112.8814319806972,6780.0,18.666597322635457,58.999597752658204,39.49330240816279,12.987057016877879,17.291764798744893,45.95755677642934,40.76850399770938,73.47131236720328
2014-04-30,27.6444753627147,1124.134078501583,6844.5,18.885363162825236,57.15639300440941,40.3363061819232,13.100970582356528,17.61320304981232,46.51283423562994,40.9696018869629,74.120831350557
2014-05-31,27.74385549237801,1129.2509243354973,6743.89990234375,19.129035219925786,56.67588128195424,40.1682324197099,13.312306706947016,17.796405449044535,46.305246821651956,40.3804029677272,70.69963295314834
2014-06-30,28.06349849090064,1159.201551016046,6730.10009765625,19.57709575318982,60.10084198537611,41.04437148306251,13.657812372006422,18.310901115677503,46.614579815896505,40.643049605922535,75.71772714846276
2014-07-31,28.584065609112354,1163.6920578234947,6819.7998046875,20.386156465222058,57.32861111049238,41.44103739641516,13.793741773371385,18.436808391073168,47.39698523947299,41.39231585195485,74.37208794681385
2014-08-31,29.949923038238385,1233.4348408522367,6622.7001953125,21.413086640771034,61.623207075726086,43.83879571503686,14.68814530521511,19.31237080684638,48.968928468571036,42.35857457951399,76.25812531541405
2014-09-30,29.393288589004005,1232.6023688945656,6546.5,20.047520933301307,58.68279067771507,43.49512137410904,14.709862566447475,18.784442276298716,49.40451976929711,42.965050669645116,72.62660020776849
2014-11-30,30.90619693272739,1324.251489080888,6722.60009765625,20.516031665764817,64.35425049359888,46.70463038092266,16.03101860225867,19.623267402820442,51.50867656707291,44.19323162334345,71.80533142533889
2014-12-31,30.003683845900817,1322.4314755046298,6566.10009765625,19.47838481672346,66.15657998950098,46.796682211018094,15.849099528156552,19.178234069387877,51.51524900262353,44.17116223684299,72.95243893997855
2015-01-31,30.85345445481608,1323.815443147258,6749.39990234375,20.272583455001424,66.35392880017953,46.45801313801785,16.167587209658752,20.172722938563396,54.6356655030248,45.9539921780675,81.91771047300614
2015-02-28,31.776898575709637,1363.1898754468884,6946.7001953125,20.661586506464406,68.62364970168055,47.836430424159786,16.72547436642588,19.705769537710054,52.77310262502742,44.71062352692535,75.2426423967978
2015-03-31,31.335303970971616,1340.4476038114244,6960.60009765625,20.366987407222123,69.6762474645485,46.898301204026986,16.39799492913563,19.505613983598934,53.00363735723754,44.85556644859214,73.6766885436654
2015-04-30,32.46003926667959,1361.3792014218802,6984.39990234375,21.915768847967293,68.57537653913167,48.185643771998016,16.650481573219594,20.52075118729957,53.19243023082987,45.182328904742896,74.07094615889231
2015-05-31,31.608235208001155,1339.5623510919006,6521.0,20.4647437602382,68.26919720073612,47.251011866576526,16.500974698751175,19.712529414109284,51.57185756834674,44.0158516039148,72.52766218243106
2015-06-30,30.684837639034622,1322.1441213645876,6696.2998046875,19.87952923704422,69.36655162811698,46.45857439543645,16.253396400178307,18.721551679683785,51.43335150267593,44.389003205927665,72.01231675161185
2015-07-31,31.679097074706004,1364.5297214094817,6247.89990234375,18.990361698044612,69.13604512152295,47.4750271502008,17.114829692508028,19.27594206905638,52.497245393125475,44.94472338186272,68.056552828345
2015-08-31,30.02937884956249,1301.0866798905201,6061.60009765625,17.60941774096714,66.16387081938241,45.37000611698911,16.33947606549095,18.56897561902467,53.220952284181884,45.69331282068382,71.79073322550613
2015-09-30,28.48779667685149,1244.4290791797068,6361.10009765625,16.75814897967099,61.616003849557586,43.041416276217504,15.61637811210044,17.808509543463053,52.705279373389935,45.02195802356618,69.25917310229806
2015-11-30,31.296471523399706,1383.347807386831,6356.10009765625,17.827427120706087,69.14289038971317,47.98975489525417,17.639622606512294,18.265551834056698,53.90280625886106,46.004736046347745,67.77068556308046
2015-12-31,30.693802900448233,1379.2506437204108,6242.2998046875,17.1336950722015,66.35046336044537,47.51521789721726,17.539198267334477,17.661672827618073,54.4067888259999,46.59350985673123,68.46520595553899
2016-01-31,30.627651629417674,1361.951485782735,6083.7998046875,17.189859950704722,63.37368505832633,47.29048674797193,17.375438467302654,18.678793868173,57.61169898836319,48.83269671773454,75.07355171589988
2016-02-29,31.083279541846164,1393.9107066472864,6097.10009765625,17.52169073996963,64.98417558504585,48.88961126857268,17.725170649300658,19.24984309741273,59.60867454163719,50.2153169604258,85.58689548215146
2016-03-31,31.657159895075043,1409.1299586452662,6241.89990234375,18.77024455630843,66.36601402283334,49.25572244537388,17.871963761026596,19.82775526688108,57.0279566090097,47.68552003651039,80.48105501709549
2016-04-30,32.04130330485412,1411.1988974316575,6230.7998046875,18.82382870440889,67.59531636527137,50.47878997685877,17.704940786638854,20.249228014814946,57.103411559536326,47.64212404056761,84.48881116317865
2016-05-31,34.93990764665217,1557.2369647457238,6504.2998046875,19.702785499562985,75.11051797885669,55.36430599144137,19.732890414035527,21.924873514546746,62.07972175546255,51.718554673027874,86.18847494454435
2016-06-30,35.11863747566106,1588.0814828130788,6724.39990234375,20.82635225388501,76.51525324541022,56.616739202809285,19.95820381202377,22.697831456317264,64.46795278324205,53.01110767655209,95.6922599842315
2016-07-31,37.277651234267445,1660.4130760217538,6781.5,22.33236583931707,81.34098185723336,59.01944461721304,21.16911463324303,23.88848742829964,65.44659129787199,53.49546023322759,98.52781644708259
2016-08-31,37.77267255351383,1674.670675546748,6899.2998046875,22.750917764224184,84.0642025283863,59.93633744922192,21.30333637561181,23.704702136415154,65.95014016704178,53.893837937749005,96.25528434575303
2016-09-30,40.460417198096785,1774.9457508978282,6954.2001953125,24.751033861312205,89.91730866027305,62.9737022842436,22.629157962922882,25.623711369381,70.02045570893054,57.266073520718116,102.84889845392625
2016-11-30,39.21098868989278,1760.1473668198876,6783.7998046875,22.943487634708376,93.4251832509146,64.87300007605535,22.00057389816848,23.260461116776828,66.16784565173847,55.70914069771092,89.45587067575984
2016-12-31,40.10108836556981,1814.280848608864,7142.7998046875,22.90578913724933,96.90540639363452,66.96757102806654,22.500931790392904,23.828023111840835,66.99870058446167,56.396530113237816,88.82466198145461
2017-01-31,41.11690979003906,1823.09609375,7099.2001953125,24.393359375,96.33062744140625,66.89868774414063,22.95757293701172,24.260470581054687,66.56122436523438,55.80750732421875,92.44000244140625
2017-02-28,42.355533024305956,1900.1300935611205,7263.39990234375,24.93897300306951,98.6685368029754,69.7695550216629,24.008097449997077,25.04774195032243,67.18221044975078,56.066302184306686,95.84899888738646
2017-03-31,41.291587994844306,1827.091270621912,7203.89990234375,24.8737457141103,94.66486107882092,65.97864895445217,23.283670080383075,24.98583031444331,64.58861819615875,53.96472318918683,91.80617278738208
2017-04-30,42.358886408557964,1861.3450244960857,7520.0,25.53891369943663,96.94747557511032,66.90397880610689,24.050022233634266,25.594473773897434,65.79656550378586,54.58047672857898,94.28514259028074
2017-05-31,42.6219391591017,1853.6371656005379,7312.7001953125,25.85757344817925,93.5606088231085,65.6426577108059,24.343684577105492,26.20608680180229,65.21006735402946,53.769326604465995,92.70491561460163
2017-06-30,42.05342494078043,1843.6091631630688,7372.0,25.71251754821906,95.73368060971673,65.83407782521792,23.914255139315628,25.538677181692538,64.54074705534536,53.179446365024724,89.78371597822026
2017-07-31,44.441044401214,1911.9134194548997,7430.60009765625,27.810411258696384,97.80382126584217,68.28620973921339,25.052242849715668,27.191825478580864,65.88345697373866,54.201504167299056,93.4556696902862
2017-08-31,43.03343547484055,1844.9630507339205,7372.7998046875,27.45265582749392,93.54327334284629,65.04213239290536,24.507637477260197,26.665580827342648,64.13703216336282,52.37826930832201,93.91833781159004
2017-09-30,44.45392213279747,1906.8029233538991,7493.10009765625,27.823088042929655,100.5836191202113,67.71246095749747,25.02214818981193,26.58516412873483,64.66077426905777,53.00899775286251,92.01904175186138
2017-11-30,45.62018900964204,1973.2679327666795,7326.7001953125,28.187251875645313,102.95366698731866,70.13278937109297,26.249597674602292,26.786804633203534,63.641765361109314,52.0357989418751,90.25704099432147
2017-12-31,45.52021987454338,1978.0971397152716,7687.7998046875,28.600240851599324,101.40931736193589,70.50247245967623,26.153521638806918,25.96506822746876,63.45338011600178,51.5862453874555,91.48368853975737
2018-01-31,46.36781181554208,1994.795848053911,7533.60009765625,30.021714692529578,99.67896802114929,70.41047352561307,26.844266484275085,25.42745711365489,60.050807688236375,49.21502840843779,90.17451165773754
2018-02-28,45.08850481223571,1951.542348634373,7231.89990234375,28.7583814648344,97.56939920090964,67.69468877858229,26.763837663682537,24.12543770976808,60.37742960639382,49.997243097112936,89.88875005314925
2018-03-31,44.84873568766512,1917.6941739407969,7509.2998046875,29.197553915071584,99.49579445518187,66.59212495555968,26.14447094969006,24.470461463376378,61.38086675990873,50.612084770348645,91.34366371361662
2018-04-30,46.68272748394718,1993.478616333519,7678.2001953125,29.416454239997428,104.40005596307873,69.7825863108889,27.249560959955257,25.8776750840725,63.03064337528081,52.34138662617031,93.79259792259954
2018-05-31,47.16425746098141,2047.8894809529206,7636.89990234375,28.804737025627844,111.45169014989463,70.34338671054086,28.584005030418584,25.587117277047703,63.801070335618725,52.8122451130653,93.18670231083048
2018-06-30,46.63868078484814,2069.495201743494,7748.7998046875,27.472079430834263,112.77339570918559,70.7236802866085,28.82613541917564,25.71450051611819,64.22451821859997,53.120656217005234,90.3282475377977
2018-07-31,49.06468431132967,2164.5441987593663,7432.39990234375,28.90169412513203,115.31166317159752,74.72723581198605,30.18755217865826,26.87890593218662,64.83172726293206,53.593754466566445,89.14759258024061
2018-08-31,49.3302129700968,2226.626599846348,7510.2001953125,27.770195530118087,120.53255679199532,75.60934374487134,31.58930057671587,26.144455790147948,65.08600642966567,53.69165085718813,87.1075809933506
2018-09-30,50.88887994663916,2292.864973561113,7128.10009765625,28.309134573760943,120.39458433593619,77.38536972278682,32.557164941641034,26.492608714697617,66.33444195343382,54.97855820480647,88.72520094501445
2018-11-30,47.57029190877084,2159.004791513317,6980.2001953125,26.935393735655346,108.65917035001937,75.08754950636764,30.2477544152211,25.84834216026328,65.84293093734667,54.935666012518396,90.37538363530267
2018-12-31,44.02063984108404,1974.8965438483926,6728.10009765625,25.79426874768035,96.01382400538535,68.04310685505381,27.794947927075366,24.799113160002346,67.66421490918981,55.672743719468855,95.52075178547548
2019-01-31,46.48072417856397,2061.4976426535836,6968.89990234375,27.95682018242602,103.77898325565181,71.9746509147929,28.981418777378853,26.48410129382775,66.36589717029368,54.1797879469702,95.1044050269942
2019-02-28,46.908249433479625,2090.7342900636218,7074.7001953125,27.113090596983625,107.5058372386548,72.47647842863535,29.713350940808255,26.78641539778963,65.12670462952114,53.310865080657265,93.09788904533944
2019-03-31,49.0693615259685,2191.6997146243257,7418.2001953125,28.23775400615034,108.10727780329589,74.97113326285358,31.31004994512148,28.182898162853192,68.49326492576351,55.24404344302861,94.34423372727694
2019-04-30,52.048058823646194,2336.16102876717,7161.7001953125,29.641950627290946,114.94574583511655,80.49267469651261,33.49271298429435,29.33626854085831,70.11188710833372,56.75551757659707,96.11644325982363
2019-05-31,48.55606388328752,2167.6601114047735,7425.60009765625,27.28254003785103,105.19954194167005,73.91017084043338,31.51419676602406,28.637283980014594,70.96655490634329,56.78207638336733,97.14087622246852
2019-06-30,53.30767116530934,2418.8916675455885,7586.7998046875,30.02051462611053,117.08038783394296,82.8966987692087,34.742274080141215,30.89193259446385,74.90173940284802,59.541771271446514,109.52503319972413
2019-07-31,54.0280901547787,2451.183762908152,7207.2001953125,29.452222275274107,118.31986461508174,84.8434262361124,35.31214837672514,30.786635513991204,75.06127646032088,59.52626926057038,109.55724382550436
2019-08-31,52.25724729874821,2380.558186297935,7408.2001953125,28.028734740487437,111.25730315461524,81.68131745371721,34.65890063241254,30.591796014373575,76.30209335377245,59.34054701512453,116.9348782652409
2019-09-30,50.91065287079425,2307.2412896015194,7248.39990234375,27.15851732377914,107.79000465131149,80.31604229385607,33.03325419759148,29.796423350285888,72.26027386375038,56.46887437338038,107.63673941032015
2019-11-30,53.409872130783896,2429.218216096606,7346.5,28.206430606520662,115.37081224468083,85.95333211081612,34.79160534488953,29.948796811645593,72.23355426229337,56.49890872360075,106.62023535208174
2019-12-31,53.82580706744812,2463.792960188218,7542.39990234375,29.33608678537565,116.50305045177231,86.8020447254139,35.07768738392056,30.22472597752184,71.07378556928585,55.71011080899017,108.97554020405435
2020-01-31,53.79199739741507,2464.2973854021543,7286.0,28.171317776294455,113.51062568870458,85.12390830733344,36.163139160424095,31.16313633707118,72.93164598833883,56.31555468001257,114.08812558783802
2020-02-29,50.81384232473502,2304.672732719065,6580.60009765625,27.679887940375234,105.65420078980013,78.69640775136111,34.41657451277787,28.960409089797334,75.49113644042365,57.916544706718135,115.75554790280192
2020-03-31,45.22370075060489,2072.4017844298546,5901.2001953125,23.96332495971785,84.94207580720351,67.91616418123446,31.634538855490757,23.029207607962242,77.18721305806088,60.275924601711615,118.71092903544877
2020-04-30,50.17761237714653,2359.1992708192206,6076.60009765625,25.989211191368334,98.0730673672385,76.60346990473198,36.629518476291054,25.090935251215004,79.31041391476855,61.073852150079986,128.63514666419977
2020-05-31,52.88066455075969,2472.923386556373,6169.7001953125,26.837191106373517,104.83036308436954,79.29913847932033,38.92140492711431,26.67772495326748,80.07856486039894,61.2207115118096,132.3334188062659
2020-06-30,50.657085467888145,2363.413057972923,5897.7998046875,26.69421288578179,101.41041476452627,73.25463395253257,37.930095380328574,24.54871356012436,75.66065406276289,57.46767404113267,127.58949226971049
2020-07-31,52.86125357465407,2449.087704814369,5963.60009765625,28.54541645919296,102.85291690255225,75.06365479255113,40.00103175309399,24.92475280097313,75.2944476064444,56.499604836779966,138.83143965882175
2020-08-31,58.1806198551092,2720.4760316464985,5866.10009765625,30.48805399531855,112.61655229869977,80.67100419966883,45.44353572683326,26.27050729568307,77.52991281944092,58.644999755402274,143.65172841647433
2020-09-30,56.10420225191196,2597.110430885805,5577.2998046875,29.987806393680078,107.83890652667077,77.56370029718992,42.893248590966984,25.34124293181976,76.96764273576757,58.271464151522856,136.78269010921514
2020-11-30,59.54528990528825,2716.5120811529864,6266.2001953125,32.19177765191908,127.06191931805968,84.10047481950832,44.46489499194268,27.433303247660998,75.23748826184871,56.590613878263724,125.01582940332905
2020-12-31,60.50097614802012,2755.6033226201785,6460.5,33.38585714874173,134.60254749139622,84.48785694251882,45.1236077220423,27.27507381564599,73.56604524887511,55.356019894301575,130.8520345359534
2021-01-31,60.44778060913418,2709.935390453209,6407.5,34.61031600616277,140.78682530380257,83.19541769059079,44.76107486244322,26.80907061523467,72.82061719162728,55.10591111025295,125.93745978450497
2021-02-28,60.837065818925815,2735.929330891069,6483.39990234375,34.32208241922437,147.11497799121153,86.68540833927526,43.999719306220825,26.600741510810305,70.446432501875,54.16961092761421,116.15935602000867
2021-03-31,62.47077352366485,2847.3701917811027,6969.7998046875,34.017178706633096,148.64357592684516,91.62287634916173,45.076953545177965,27.842126226772802,69.52418157476319,54.055853095692335,114.64333704415998
2021-04-30,64.07829876523283,2948.5610738977216,7022.60009765625,33.872953487746486,149.15327791676754,93.90434993140182,47.45729427272483,28.3496866004896,68.91878513975198,53.22055255158314,116.8234363651037
2021-05-31,66.60737399154006,3037.049048939054,7037.5,35.27122837079859,153.2056165028022,98.47487538254155,48.18148873028281,29.252849497039175,70.74361454743429,54.555917140832904,128.86171907892577
2021-06-30,66.66967730518587,3090.83519840652,7032.2998046875,35.295016739360506,155.1482700603111,96.58863287334673,50.60631671652008,28.132082162446903,71.01879705694537,54.22238622824929,119.12392065248183
2021-07-31,68.46742173187484,3194.1231111999377,7119.7001953125,33.51368301208972,151.30727917409425,98.71943650536437,53.1320620813682,29.151550071995334,72.56856709921044,54.87833685015016,123.41159318516354
2021-08-31,71.69642137491931,3368.491927967759,7086.39990234375,34.8866424378586,158.48807691730576,102.83438556371932,56.69757729380734,30.287057304330386,74.21895726509538,56.22603696862824,126.38510380229748
2021-09-30,67.3437747518114,3146.4855155099162,7237.60009765625,32.88971028233348,150.5035524182846,96.9669766861883,52.29463998980147,29.314348091711533,72.12195881437908,55.0872538577124,119.95613517510611
2021-11-30,71.291354800957,3429.9540896789113,7059.5,32.78221502164248,154.79903748351197,101.42181594813219,59.53594042188748,29.778699456760307,74.33752090855512,56.41756033029675,124.29546788742277
2021-12-31,72.30540473517512,3530.929368019234,7384.5,32.343612826558015,155.6922185632825,106.53308906908049,60.128717746909544,30.825166188947772,73.00168502769874,55.49626927095881,126.65230566190502
2022-01-31,70.22934000451991,3368.96142713302,7464.39990234375,33.05017967146932,142.2764303566383,106.03295517076104,55.52871439400468,31.1319687675906,72.2254592110678,55.548101818487126,125.40858554177198
2022-02-28,68.23339688416692,3270.657341440551,7458.2998046875,31.693541169637225,144.0706787007961,104.76074733498325,53.192040587909986,31.809728305032593,71.45572151827422,55.41758388692207,133.38543289384967
2022-03-31,73.97357448603232,3602.7137527966797,7544.60009765625,32.56587688930234,154.68600408260036,114.25806687080616,58.98594713702743,35.72562794415106,73.85340918366099,58.10798689389154,143.65812255555653
2022-04-30,67.61825868194161,3267.117399136024,7607.7001953125,30.39383924540182,138.85198900188422,108.4578752748822,51.36547319327105,34.11831929034441,70.63557760373416,57.48211769341197,139.8827488502784
2022-05-31,70.80498277912183,3406.048637840378,7169.2998046875,31.87900744932809,145.03059686892587,114.92821373443029,52.84128522158683,37.220046082836106,74.17566248867163,60.27462178773458,141.06728351517177
2022-06-30,64.2101528325513,3107.8648139444704,7423.39990234375,29.861377037397066,132.0229829213632,104.61049711049642,48.19957002448586,33.90357751137626,72.73194101861877,59.664362280307,138.30868859425647
2022-07-31,72.48444839862745,3542.3433561784873,7284.2001953125,31.3489758940926,152.88362876219645,116.18848039070345,56.88173119057692,37.17153372657506,77.9029772448855,62.57102387689013,140.74037437370424
2022-08-31,72.36413398813141,3540.91139371282,6893.7998046875,32.29113369334847,156.3989162404481,117.8315092438252,56.168655971232944,37.95332269040982,78.84148639761374,64.78191206759388,142.59443054489165
2022-09-30,63.154223106963556,3092.1313717515945,7094.5,27.51427371870023,135.3929651001893,103.13729112069962,48.60758098679728,32.30920037321427,72.78623696309842,61.64554266777474,133.38277284714047
2022-11-30,70.62443786032244,3415.215310934125,7573.10009765625,30.258754132136364,150.0776576712677,119.05040565258393,51.8960481265104,35.918410681245085,72.38315292743695,60.14254152941107,137.95255820014722
2022-12-31,66.01121251640004,3173.4042673773315,7451.7001953125,28.653507231777493,137.90095229537354,112.34917155465382,47.23089940934277,33.93438884691585,70.68855885861707,59.307223343473865,140.21000077640272
2023-01-31,70.03983167355965,3299.9262268624243,7771.7001953125,31.091663298098545,149.0041877035314,118.3690951590178,48.95964096741095,35.374325807908725,71.86500303629494,58.7850570478953,145.22880887592046
2023-02-28,69.35369261745338,3291.5717924501078,7876.2998046875,29.43459420524192,149.981891232749,117.56322709728788,49.15485909626949,34.92455444628627,71.4678870429766,59.61224324400186,140.76119759967708
2023-03-31,68.73338282058168,3267.5794253747495,7870.60009765625,29.138796565037705,136.3707080863118,113.71320190048475,49.73639461666451,34.34554011419857,70.35756454867753,58.107606233042475,145.6901274835374
2023-04-30,70.73473535311159,3359.266619259082,7446.10009765625,29.27721258767426,136.1962597182668,117.7763737346612,51.29993057900643,35.726251546797315,71.6892920710622,59.008376236429385,148.88966595324783
2023-05-31,68.86866773943945,3313.476455888362,7531.5,28.11462112183002,132.91332653683773,113.71408375263326,51.75204055519582,33.2354048280823,69.73250459935264,57.83337245665344,144.53052885278709
2023-06-30,70.77318011983654,3462.262126846293,7699.39990234375,28.580937146655824,140.57224766217848,118.73462350018845,53.844331209434976,33.074492742440476,68.17352259473705,56.47088814959684,138.688718805552
2023-07-31,74.89515208339233,3610.001723648666,7439.10009765625,30.886700765776403,151.24547026443472,124.64010722257557,56.25324243821826,34.55294761739801,68.92635668874149,57.26875696422519,143.44946173959477
2023-08-31,75.74932883080284,3693.8966388690637,7608.10009765625,30.042324542080028,149.54361119799964,126.20847010544698,58.211592231571885,34.20936493258415,71.33909552514142,59.8969682748612,147.52116744853328
2023-09-30,72.72942318199598,3524.691015159865,7321.7001953125,29.195734636908732,140.5612701080451,120.1515312333666,55.34818930586334,32.69053227673906,69.70634905081326,60.03761157853396,140.9284619623712
2023-11-30,73.95236472244052,3597.7133474359443,7453.7998046875,29.162327813409874,137.55423167529068,124.52301345193798,56.441174741866824,33.328564359828775,68.74175227289585,58.309416544372056,148.66421983548204
2023-12-31,76.51283383243253,3743.6870096918747,7733.2001953125,29.537730533587354,153.1329738371968,130.37769399888958,58.19640075966123,33.925744592821694,70.841445137792,58.549026087578106,150.04321476148496
2024-01-31,77.73025945074667,3816.8213009730634,7630.60009765625,28.837050801205322,148.22771164852713,131.7239319883712,60.239343827897834,33.463901322911575,71.3950282668156,59.312128800564366,148.43828526952748
2024-02-29,81.44234332232685,4024.5244380220333,7630.0,30.115949268182472,156.9674072784013,135.95705653787587,64.74901362905712,33.749381432380716,70.31411759445142,59.05962132355537,149.4981052056832
2024-03-31,84.79098233028539,4183.461163824347,8144.10009765625,31.19106274078898,163.36102541235772,142.73618530558792,66.5661140532636,35.50292451444992,71.53313540124623,59.749799946601804,163.79221401950295
2024-04-30,80.68462862477199,3955.635096039901,8275.400390625,30.70563779496886,150.51697309058642,135.39583320652744,63.24775937487329,34.79911913521155,68.82388931376018,58.66721752710049,166.42811575672783
2024-05-31,84.91271135976174,4171.94531223275,8164.10009765625,31.50394752453144,159.10559655214627,140.31863396115963,67.84931075813637,37.3224747627287,70.40815591485044,59.46937512739612,170.19766487331253
2024-06-30,84.67027920128018,4253.713637045765,8368.0,31.63938742427867,154.59372655183225,136.69024273914718,71.44716036652319,34.95523656554641,69.99482041582284,58.9228842230698,167.49277517841037
2024-07-31,84.76044668368766,4205.866309214156,8376.599609375,31.410151061757613,167.2308652882628,140.67001899450685,68.96625594673512,36.314305566513596,70.09022958194926,58.28217569678227,172.54387825502573
2024-08-31,85.23274287316585,4220.484320091952,8237.0,31.116992632935485,161.2953663063241,142.01682913020753,69.12104938181432,37.2350773030494,69.77093299879823,57.68926928282908,172.81987942341863
2024-09-30,89.95320533924101,4446.502373638879,8110.10009765625,33.97930639833403,167.18202773306518,147.35515430883365,73.28682290765497,39.99558837719522,73.00915926850584,60.02556276016364,187.55238365149725
2024-11-30,93.25402573659002,4737.5958277397895,8287.2998046875,32.62324606765168,186.9541910642546,157.7336117161974,78.76918698278931,41.657111416091034,73.23871099658813,60.894902479708996,192.87680228827944
2024-12-31,91.30263351758111,4686.894261745594,8173.0,31.9994741115349,173.29459718947953,148.1758416756539,80.37473200919507,39.66473926391004,72.81839568490275,61.744266785042235,192.94613110524827
2025-01-31,95.95517143376378,4862.022286475648,8674.0,33.574934997619444,179.94640913781197,154.65259684246462,83.41683024807507,41.430914017236354,74.40485146411517,63.019359761333945,208.11493614520003
2025-02-28,94.34129153150371,4726.2059578810085,8809.7001953125,33.48834012507092,168.17817704388912,153.30521565328038,79.873873894332,41.070518635929936,74.76498544195118,62.39323649666696,208.96266531323934
2025-03-31,85.37305958600116,4184.576834234239,8494.900390625,31.817713219535655,146.8378670179621,139.18918379809756,68.8524738684011,39.45001497805737,70.23734594156869,58.88934815672115,214.85677794874394
2025-04-30,85.48034863313184,4136.563982173606,8772.400390625,31.737827941528963,143.19419784194417,133.97051973991267,70.00957056086058,40.53335524546621,70.25083447771395,59.11850570823753,225.633047982701
2025-05-31,88.65634758207169,4308.912312920903,8761.0,32.39666546817411,147.87781631992348,135.44902059292886,75.18148299464188,41.616030443216914,68.52120558503321,57.880365650867475,221.28795952906714
2025-06-30,95.41864585623412,4680.2697738448005,9132.7998046875,35.52891705095022,161.03073288347767,144.93811818624457,82.69873401103914,43.21225535220785,71.93734786574825,60.23727238027415,229.92715934988078
2025-07-31,96.97266933829613,4771.842977102114,9187.2998046875,36.03681321146492,163.83231834146008,146.4159378908963,85.47305536661923,43.759920892010776,71.60545644125317,60.06441917184272,228.04677995667726
2025-08-31,98.44114818859258,4807.725168450869,9350.400390625,36.582295871506524,173.62634234390566,149.84230793149845,85.24649145522868,44.19409862383551,71.62743088371069,59.90573617893784,236.70769210842354
2025-09-30,104.13777398142292,5082.761297001746,9717.2998046875,40.00772630081244,182.41529374174888,154.96807574180886,91.45756708310311,45.70400951782277,73.96988927731168,61.35797473225688,270.1323137167295
2025-11-30,105.81593721711073,5167.953462600689,9720.5,40.40866733156889,186.73384769709241,158.94792318796152,93.09048570963921,46.820610242084854,74.34809502632984,61.391113624882884,292.67331281059353
2025-12-31,104.14765695703962,5083.091743158247,9931.400390625,40.051473722823125,181.8504877002106,156.1621427934097,91.3504940735254,44.833793864339036,72.71994096894213,60.41710937599583,294.27800399111135
2026-01-31,106.25093866239206,5067.2056912656235,10223.5,43.15759665169281,189.27194201416393,158.0557992582628,90.39301485972796,47.03521201613217,72.16740421665314,59.901386193534336,324.92341206075514
2026-02-28,109.23953529818685,5098.694645640613,10910.599609375,46.384923955049594,193.41566294389082,164.01030231984217,88.54336404902482,51.41774062021563,74.17990923928012,60.9398734750431,358.5603436674919
2026-03-31,102.58294352082248,4840.02908196204,10378.7998046875,42.102230700601986,183.53253289533282,155.96428369106468,83.78438248864013,49.67158674880502,72.87360918705211,60.688600099601814,319.00279830721104
2026-04-30,112.81546291441532,5366.819386931751,10466.2998046875,47.63799644374836,206.93754621476452,166.5133661174912,96.64580223506404,51.017842670830895,73.28069077472541,61.03901759702039,315.3979249637293
2026-05-31,116.11740597277353,5563.176770325021,10466.259765625,49.040413598136425,212.2404837368156,169.7432592460997,101.69856323080906,50.17188963487156,73.27775706726614,61.12931188933139,308.0434905954804
