,VWRP,VUSA,VUKE,VFEM,WLDS,IWVL,IWQU,INFR,AGGG,IGLS,SGLN,GBPUSD,EFA,XLU,GCF,TNX
2000-05-31,,,6312.7001953125,,,,,,,,,,,,,
2000-06-30,,1454.5999755859375,6365.2998046875,,36.927513122558594,33.168922424316406,16.29905891418457,,,,,,,5.513056755065918,,6.01800012588501
2000-07-31,,1430.8299560546875,6672.7001953125,,35.92642593383789,33.65202713012695,15.790069580078125,,,,,,,5.6408233642578125,,6.0289998054504395
2000-08-31,,1517.6800537109375,6294.2001953125,,38.42875289916992,35.815704345703125,16.728302001953125,,,,,,,5.860594749450684,,5.729000091552734
2000-09-30,,1436.510009765625,6438.39990234375,,37.04352951049805,35.80683898925781,15.142729759216309,,,,,,,6.58042573928833,273.6000061035156,5.7779998779296875
2000-10-31,,1429.4000244140625,,,35.51059341430664,36.5593376159668,14.703033447265625,,,,,,,7.020417213439941,,5.756999969482422
2000-11-30,,1314.949951171875,6142.2001953125,,31.96849822998047,34.477848052978516,13.122000694274902,,,,,,,7.017202854156494,270.1000061035156,5.439000129699707
2000-12-31,,1320.280029296875,6222.5,,34.3448371887207,36.07899475097656,12.46561336517334,,,,,,,6.82130241394043,272.0,5.110000133514404
2001-01-31,,1366.010009765625,6297.5,,36.35746383666992,37.92084884643555,12.925320625305176,,,,,,,6.531972408294678,265.6000061035156,5.178999900817871
2001-02-28,,1239.93994140625,5917.89990234375,,33.92520523071289,35.414154052734375,11.380146026611328,,,,,,,6.667531967163086,266.79998779296875,4.9079999923706055
2001-03-31,,1160.3299560546875,5967.0,,32.285709381103516,33.97768020629883,10.34391975402832,,,,,,,6.525713920593262,257.8999938964844,4.914999961853027
2001-04-30,,1249.4599609375,5796.2001953125,,35.02309036254883,36.386024475097656,11.279458999633789,,,,,,,6.889101028442383,,5.3379998207092285
2001-05-31,,1255.8199462890625,5642.5,,35.78131866455078,36.57535934448242,11.349135398864746,,,,,,,6.937410354614258,265.29998779296875,5.413000106811523
2001-06-30,,1224.3800048828125,5529.10009765625,,36.79229736328125,35.468040466308594,11.24829387664795,,,,,,,6.542546272277832,270.6000061035156,5.389999866485596
2001-07-31,,1211.22998046875,5345.0,,34.841346740722656,34.915157318115234,11.156059265136719,,,,,,,6.530091285705566,,5.0370001792907715
2001-08-31,,1133.5799560546875,4903.39990234375,,33.99412536621094,32.836612701416016,10.379776000976562,,,,,,,6.297402381896973,274.3999938964844,4.815999984741211
2001-09-30,,1040.93994140625,5039.7001953125,,29.037456512451172,29.73892593383789,9.698925018310547,,,,,,19.51188087463379,6.189523696899414,292.3999938964844,4.574999809265137
2001-10-31,,1059.780029296875,,,30.811582565307617,29.629531860351562,10.007233619689941,,,,,,19.838430404663086,5.908936977386475,279.5,4.263000011444092
2001-11-30,,1139.449951171875,5203.60009765625,,33.28700637817383,31.542236328125,10.90851879119873,,,,,,20.532241821289062,5.834328651428223,273.8999938964844,4.74399995803833
2001-12-31,,1148.0799560546875,5217.39990234375,,35.01314163208008,31.981916427612305,10.91403865814209,,,,,,20.642990112304688,5.975018501281738,278.70001220703125,5.0320000648498535
2002-01-31,,1130.199951171875,5164.7998046875,,35.06029510498047,31.19365882873535,10.92184066772461,,,,,,19.46263885498047,5.804340362548828,282.1000061035156,5.025000095367432
2002-02-28,,1106.72998046875,5101.0,,33.96693420410156,30.978832244873047,10.626851081848145,,,,,,19.69639778137207,5.7935991287231445,296.70001220703125,4.859000205993652
2002-03-31,,1147.3900146484375,5165.60009765625,,36.481666564941406,32.47696304321289,10.868372917175293,,,,,,20.795923233032227,6.053528308868408,302.6000061035156,5.406000137329102
2002-04-30,,1076.9200439453125,5085.10009765625,,36.96217346191406,30.898345947265625,10.093544006347656,,,,,,21.1127986907959,5.732211589813232,308.8999938964844,5.091000080108643
2002-05-31,,1067.1400146484375,4656.39990234375,,35.21074676513672,30.962425231933594,9.879338264465332,,,,,,21.225353240966797,5.684568405151367,326.5,5.043000221252441
2002-06-30,,989.8200073242188,4246.2001953125,,33.07620620727539,28.888961791992188,9.151778221130371,,,,,,20.52754020690918,5.251461029052734,313.5,4.823999881744385
2002-07-31,,911.6199951171875,4227.2998046875,,28.73729133605957,25.847238540649414,8.630533218383789,,,,,,18.570884704589844,4.521656513214111,303.20001220703125,4.465000152587891
2002-08-31,,916.0700073242188,3721.800048828125,,28.554378509521484,26.104522705078125,8.698995590209961,,,51.86213684082031,,,18.38907241821289,4.700948715209961,312.3999938964844,4.13700008392334
2002-09-30,,815.280029296875,4039.699951171875,,26.17636489868164,23.051982879638672,7.766367435455322,,,52.16084671020508,,,16.48436737060547,4.08217191696167,,3.6070001125335693
2002-10-31,,885.760009765625,,,27.34653091430664,25.030242919921875,8.544768333435059,,,52.2968864440918,,,17.11638832092285,4.036753177642822,318.0,3.9110000133514404
2002-11-30,,936.3099975585938,4169.39990234375,,29.6627254486084,26.628786087036133,8.932575225830078,,,52.086578369140625,,,18.077396392822266,4.154049396514893,316.79998779296875,4.2129998207092285
2002-12-31,,879.8200073242188,3940.39990234375,,27.827383041381836,25.288833618164062,8.333242416381836,,,52.55416488647461,,,17.144086837768555,4.238148212432861,,3.818000078201294
2003-01-31,,855.7000122070312,3567.39990234375,,27.382848739624023,24.674222946166992,8.128482818603516,,,52.68195343017578,,,16.72034454345703,4.187868118286133,368.29998779296875,3.9749999046325684
2003-02-28,,841.1500244140625,3655.60009765625,,26.560331344604492,24.083227157592773,8.0986909866333,,,52.81013107299805,,,16.367401123046875,3.963916540145874,350.20001220703125,3.696000099182129
2003-03-31,,848.1799926757812,3926.0,,26.556640625,23.793642044067383,8.243911743164062,,,52.91419982910156,,,15.987997055053711,4.1206817626953125,335.8999938964844,3.822999954223633
2003-04-30,,916.9199829101562,4048.10009765625,,29.352771759033203,26.349397659301758,8.847721099853516,,,52.99578094482422,,,17.61326789855957,4.524607181549072,339.1000061035156,3.8570001125335693
2003-05-31,,963.5900268554688,4031.199951171875,8.24482536315918,32.54314422607422,28.344318389892578,9.1520414352417,,,53.17717361450195,,,18.74972152709961,4.981820583343506,364.5,3.3499999046325684
2003-06-30,,974.5,4157.0,8.590899467468262,32.86475372314453,28.320566177368164,9.260329246520996,,,53.28041076660156,,,19.113245010375977,5.006717681884766,,3.5280001163482666
2003-07-31,,990.3099975585938,4161.10009765625,9.07812213897705,35.059051513671875,29.116498947143555,9.407793998718262,,,53.0140266418457,,,19.402658462524414,4.711577415466309,354.0,4.473999977111816
2003-08-31,,1008.010009765625,4091.300048828125,9.803223609924316,36.73646926879883,29.664962768554688,9.57441520690918,,,52.98906326293945,,,20.04146385192871,4.805169105529785,375.70001220703125,4.453999996185303
2003-09-30,,995.969970703125,4287.60009765625,9.739459991455078,35.93662643432617,29.009187698364258,9.529484748840332,,,53.494590759277344,,,20.646751403808594,4.999203681945801,385.3999938964844,3.937000036239624
2003-10-31,,1050.7099609375,,10.633652687072754,39.15729522705078,31.186105728149414,9.966543197631836,,49.3790397644043,53.28343963623047,,,21.98790168762207,5.078644275665283,384.5,4.301000118255615
2003-11-30,,1058.199951171875,4342.60009765625,10.833558082580566,40.623355865478516,31.491586685180664,10.067919731140137,,49.36934280395508,53.239749908447266,,,22.543777465820312,5.09016227722168,396.79998779296875,4.320000171661377
2003-12-31,,1111.9200439453125,4476.89990234375,11.745670318603516,41.12444305419922,33.138633728027344,10.437750816345215,,49.753604888916016,53.52586364746094,,1.7888127565383911,24.137285232543945,5.373459815979004,415.70001220703125,4.256999969482422
2004-01-31,,1131.1300048828125,4390.7001953125,12.092835426330566,43.14796447753906,34.16841506958008,10.692195892333984,,50.24967956542969,53.95624923706055,,1.8244845867156982,24.78955078125,5.535257816314697,402.20001220703125,4.138000011444092
2004-02-29,,1144.93994140625,4492.2001953125,12.571074485778809,43.558563232421875,34.82118606567383,10.752496719360352,,50.685577392578125,54.1392822265625,,1.8744845390319824,25.35946273803711,5.639871597290039,,3.9839999675750732
2004-03-31,,1126.2099609375,4489.7001953125,12.640219688415527,43.89449691772461,34.5008544921875,10.462296485900879,,51.0491828918457,54.29590606689453,,1.7785998582839966,25.377389907836914,5.653822898864746,427.29998779296875,3.8369998931884766
2004-04-30,,1107.300048828125,4430.7001953125,11.40140438079834,41.54816818237305,33.73418045043945,10.410253524780273,,49.6103515625,53.71479415893555,,1.8326095342636108,24.517131805419922,5.4562506675720215,387.0,4.500999927520752
2004-05-31,,1120.6800537109375,4464.10009765625,11.534646034240723,42.44188690185547,34.20142364501953,10.602931022644043,,49.413917541503906,53.713836669921875,,1.8202005624771118,24.796714782714844,5.5218729972839355,394.0,4.65500020980835
2004-06-30,,1140.8399658203125,4413.10009765625,11.64124584197998,44.120845794677734,34.75973892211914,10.7313814163208,,49.74959945678711,53.69794464111328,,1.822090983390808,25.628297805786133,5.568750381469727,392.6000061035156,4.617000102996826
2004-07-31,,1101.719970703125,4459.2998046875,11.217743873596191,41.24196243286133,34.21108627319336,10.236967086791992,,50.210357666015625,53.8320426940918,,1.8024837970733643,24.535058975219727,5.702617645263672,391.0,4.474999904632568
2004-08-31,,1104.239990234375,4570.7998046875,11.613876342773438,40.61956787109375,34.601043701171875,10.2123441696167,,51.02154541015625,54.232425689697266,,1.8128092288970947,24.827184677124023,5.934316158294678,,4.131999969482422
2004-09-30,,1114.5799560546875,4624.2001953125,12.424147605895996,42.6854362487793,35.0701789855957,10.200982093811035,,51.28936767578125,54.18865966796875,,1.8414850234985352,25.341543197631836,5.9224934577941895,418.70001220703125,4.11899995803833
2004-10-31,,1130.199951171875,,12.77778434753418,43.66541290283203,35.76274108886719,10.398782730102539,,51.7346305847168,54.34855270385742,,,26.228673934936523,6.262838840484619,428.5,4.0289998054504395
2004-11-30,,1173.8199462890625,4703.2001953125,14.049006462097168,47.68281936645508,37.53129196166992,10.740781784057617,,51.37211608886719,54.03193664550781,,1.9095995426177979,27.82372283935547,6.5417680740356445,451.29998779296875,4.357999801635742
2004-12-31,,1211.9200439453125,4814.2998046875,14.53805160522461,48.667449951171875,38.479835510253906,10.972585678100586,,51.612144470214844,54.049835205078125,43.79999923706055,1.9197911024093628,28.719825744628906,6.6395134925842285,437.5,4.216000080108643
2005-01-31,,1181.27001953125,4852.2998046875,14.637764930725098,46.83961868286133,37.74935531616211,10.831840515136719,,52.17556381225586,54.22860336303711,42.220001220703125,1.8841972351074219,28.606128692626953,6.8448896408081055,421.79998779296875,4.132999897003174
2005-02-28,,1203.5999755859375,4968.5,16.055028915405273,47.608707427978516,38.45662307739258,11.096402168273926,,51.825679779052734,53.975399017333984,43.529998779296875,1.9192017316818237,29.68885612487793,6.991702556610107,436.5,4.359000205993652
2005-03-31,,1180.5899658203125,4801.7001953125,14.78503131866455,46.05166244506836,37.48490524291992,10.831840515136719,,51.330833435058594,53.98892593383789,42.81999969482422,1.9087976217269897,28.910015106201172,7.01577091217041,428.70001220703125,4.495999813079834
2005-04-30,,1156.8499755859375,4964.0,14.6005859375,43.64223861694336,36.953880310058594,10.706990242004395,,52.18427658081055,54.25162124633789,43.349998474121094,1.8176862001419067,28.442346572875977,7.28727912902832,435.0,4.201000213623047
2005-05-31,,1191.5,5113.2001953125,15.0620698928833,46.4636116027832,38.19331359863281,11.049773216247559,,52.623226165771484,54.46651840209961,41.650001525878906,1.7902858257293701,28.196680068969727,7.282423496246338,,4.00600004196167
2005-06-30,,1191.3299560546875,5282.2998046875,15.659883499145508,48.24732208251953,38.6333122253418,10.8803071975708,,53.07791519165039,54.60118103027344,43.439998626708984,1.7543859481811523,28.600664138793945,7.653457164764404,435.8999938964844,3.944999933242798
2005-07-31,,1234.1800537109375,5296.89990234375,16.862815856933594,51.53839874267578,39.97987365722656,11.380643844604492,,52.53692626953125,54.39908218383789,42.81999969482422,1.8033939599990845,29.45775032043457,7.889561176300049,429.8999938964844,4.285999774932861
2005-08-31,,1220.3299560546875,5477.7001953125,17.08590316772461,50.5059928894043,39.58802795410156,11.289936065673828,,53.15636444091797,54.760231018066406,43.400001525878906,1.7646021842956543,30.587793350219727,7.940907955169678,433.79998779296875,4.019999980926514
2005-09-30,,1228.81005859375,5317.2998046875,18.56439971923828,50.39971923828125,39.8865852355957,11.305374145507812,,52.6553840637207,54.56516647338867,46.70000076293945,1.7687844038009644,31.717853546142578,8.214729309082031,469.0,4.328000068664551
2005-10-31,,1207.010009765625,,17.387727737426758,48.56641387939453,39.21967697143555,11.11380672454834,,52.13291549682617,54.51541519165039,46.400001525878906,,30.70789909362793,7.747062683105469,465.1000061035156,4.559000015258789
2005-11-30,,1249.47998046875,5423.2001953125,18.39380645751953,51.36103057861328,40.76272201538086,11.541787147521973,,52.31172180175781,54.728519439697266,49.099998474121094,1.7309123277664185,31.417593002319336,7.734745025634766,494.6000061035156,4.5
2005-12-31,,1248.2900390625,5618.7998046875,19.301464080810547,50.805145263671875,40.63778305053711,11.479815483093262,,52.69629669189453,54.750572204589844,51.58000183105469,1.7206965684890747,32.44391632080078,7.7322845458984375,517.0999755859375,4.394999980926514
2006-01-31,,1280.0799560546875,5760.2998046875,22.28799057006836,55.3051643371582,42.01010513305664,11.753891944885254,,53.06623840332031,55.174903869628906,56.70000076293945,1.7785998582839966,34.95307922363281,7.990081787109375,,4.5269999504089355
2006-02-28,,1280.6600341796875,5791.5,21.429903030395508,55.48096466064453,42.481082916259766,11.748064041137695,,52.955379486083984,55.0238037109375,56.06999969482422,1.7542012929916382,34.70842361450195,8.09445858001709,561.5999755859375,4.546999931335449
2006-03-31,,1294.8699951171875,6023.10009765625,21.894338607788086,58.07234191894531,43.17809295654297,11.827695846557617,,52.494544982910156,55.09714126586914,58.099998474121094,1.8242847919464111,36.09853744506836,7.662029266357422,581.7999877929688,4.853000164031982
2006-04-30,,1310.6099853515625,5723.7998046875,23.32077980041504,58.38065719604492,44.566680908203125,11.839537620544434,,52.40861129760742,55.22737503051758,65.08999633789062,1.8716076612472534,37.827842712402344,7.842255115509033,651.7999877929688,5.068999767303467
2006-05-31,,1270.0899658203125,5833.39990234375,20.722204208374023,55.0632209777832,43.386566162109375,11.420872688293457,,52.307708740234375,55.321475982666016,64.2300033569336,1.8490097522735596,36.38212585449219,7.969952583312988,642.5,5.11299991607666
2006-06-30,,1270.199951171875,5928.2998046875,20.76644515991211,54.955963134765625,43.36131286621094,11.372187614440918,,52.218082427978516,55.44850540161133,61.22999954223633,1.8682161569595337,36.3598747253418,8.085134506225586,613.5,5.138000011444092
2006-07-31,,1276.6600341796875,5906.10009765625,21.25298500061035,53.467185974121094,43.96615982055664,11.429679870605469,,52.93948745727539,55.81002426147461,63.15999984741211,1.9030944108963013,36.65458297729492,8.54417896270752,634.2000122070312,4.98799991607666
2006-08-31,,1303.8199462890625,5960.7998046875,21.58913803100586,55.070899963378906,44.58129119873047,11.804746627807617,,53.77227783203125,56.222557067871094,62.290000915527344,1.8717128038406372,37.5887451171875,8.778990745544434,625.9000244140625,4.73199987411499
2006-09-30,,1335.8499755859375,6129.2001953125,21.401161193847656,55.24740219116211,45.53886032104492,12.05283260345459,,54.32762908935547,56.468719482421875,59.470001220703125,1.9082876443862915,37.672142028808594,8.582050323486328,598.5999755859375,4.632999897003174
2006-10-31,,1377.93994140625,,22.91164207458496,58.680416107177734,47.290260314941406,12.493471145629883,,54.68998336791992,56.70241928100586,60.2400016784668,,39.08449935913086,9.109447479248047,,4.605999946594238
2006-11-30,,1400.6300048828125,6048.89990234375,24.28279685974121,60.096824645996094,48.21440124511719,12.732559204101562,,55.26694107055664,56.97453308105469,64.38999938964844,1.9664137363433838,40.28557205200195,9.35124683380127,646.9000244140625,4.458000183105469
2006-12-31,,1418.300048828125,6220.7998046875,25.249250411987305,60.0660400390625,49.00468826293945,12.722761154174805,,54.74782943725586,56.84469223022461,63.209999084472656,1.9592092037200928,40.71371078491211,9.346155166625977,635.2000122070312,4.710000038146973
2007-01-31,,1438.239990234375,6203.10009765625,25.63774871826172,61.3413200378418,50.211448669433594,12.93925666809082,,55.128135681152344,57.31660079956055,64.83000183105469,1.9634021520614624,42.1527214050293,9.397696495056152,652.0,4.826000213623047
2007-02-28,,1406.8199462890625,6171.5,24.807828903198242,60.939353942871094,49.269283294677734,12.644294738769531,,55.803184509277344,57.51694869995117,66.4800033569336,1.9640191793441772,42.101627349853516,9.895963668823242,669.4000244140625,4.550000190734863
2007-03-31,,1420.8599853515625,6449.2001953125,26.131223678588867,61.41865158081055,49.73715591430664,12.709182739257812,,55.69645309448242,57.79786682128906,65.73999786376953,2.0,43.322364807128906,10.196465492248535,663.0,4.6479997634887695
2007-04-30,,1482.3699951171875,6621.5,27.104690551757812,62.535865783691406,52.10361862182617,13.369668006896973,,56.02643966674805,57.95737838745117,67.08999633789062,1.9798059463500977,44.94625473022461,10.755043029785156,,4.630000114440918
2007-05-31,,1530.6199951171875,6607.89990234375,28.477413177490234,65.26995086669922,53.98515319824219,13.764226913452148,,55.516849517822266,57.9246940612793,65.54000091552734,2.008314371109009,46.008018493652344,10.804102897644043,661.0,4.889999866485596
2007-06-30,,1503.3499755859375,6360.10009765625,29.52491569519043,64.20883178710938,52.64488983154297,13.549190521240234,,55.27912521362305,58.19676971435547,64.2699966430664,2.029385566711426,45.86039352416992,10.220520973205566,648.0999755859375,5.0329999923706055
2007-07-31,,1455.27001953125,6303.2998046875,29.735759735107422,59.830345153808594,50.8786506652832,13.285679817199707,,55.874366760253906,58.71366882324219,65.79000091552734,2.017186403274536,44.80998229980469,9.880395889282227,,4.770999908447266
2007-08-31,,1473.989990234375,6466.7998046875,30.045299530029297,61.102996826171875,51.46807098388672,13.501343727111816,,56.58500289916992,59.330623626708984,66.5199966430664,2.0457847118377686,44.52607345581055,10.036398887634277,673.0,4.5370001792907715
2007-09-30,,1526.75,6721.60009765625,33.52199172973633,62.111820220947266,52.76353073120117,14.079071998596191,,56.9463005065918,59.656620025634766,73.51000213623047,2.079780340194702,46.893775939941406,10.348410606384277,742.7999877929688,4.578999996185303
2007-10-31,,1549.3800048828125,,37.501094818115234,64.03656768798828,53.622371673583984,14.404489517211914,,57.52952194213867,59.948814392089844,78.62000274658203,,48.88669967651367,11.11530590057373,792.0,4.474999904632568
2007-11-30,,1481.1400146484375,6432.5,34.63227462768555,59.625850677490234,51.16664123535156,13.882673263549805,,58.566734313964844,61.019287109375,77.31999969482422,2.0566821098327637,47.11520767211914,11.188621520996094,782.2000122070312,3.9719998836517334
2007-12-31,,1468.3599853515625,6456.89990234375,33.71261978149414,59.04243087768555,49.74008560180664,13.85489559173584,,58.33195877075195,61.017303466796875,82.45999908447266,1.9866102933883667,44.571510314941406,11.08388900756836,834.9000244140625,4.034999847412109
2008-01-31,,1378.550048828125,5879.7998046875,31.09862518310547,55.36994171142578,48.30573654174805,12.708674430847168,25.748872756958008,60.165103912353516,62.44746017456055,91.4000015258789,1.9906044006347656,42.12359619140625,10.347804069519043,922.7000122070312,3.6389999389648438
2008-02-29,,1330.6300048828125,5884.2998046875,31.718841552734375,53.74647903442383,46.01232147216797,12.563420295715332,25.486982345581055,59.82804870605469,62.92585754394531,96.18000030517578,1.9866102933883667,41.692684173583984,9.923020362854004,972.0999755859375,3.5339999198913574
2008-03-31,,1322.699951171875,6087.2998046875,30.528404235839844,53.30158996582031,45.37016677856445,12.475873947143555,25.091350555419922,59.9229621887207,63.13014602661133,90.41000366210938,1.9877949953079224,41.867393493652344,10.010087013244629,916.2000122070312,3.431999921798706
2008-04-30,37.9116325378418,1385.5899658203125,6053.5,33.31818389892578,55.81996154785156,47.38211441040039,13.240388870239258,26.177927017211914,60.09992599487305,62.591896057128906,86.6500015258789,1.979492425918579,44.14417266845703,10.597855567932129,862.7999877929688,3.759000062942505
2008-05-31,38.23912811279297,1400.3800048828125,5625.89990234375,34.37229537963867,58.376441955566406,47.395320892333984,13.575636863708496,26.751850128173828,59.39104080200195,62.384342193603516,87.44999694824219,1.992984652519226,44.66825866699219,10.977871894836426,887.2999877929688,4.046000003814697
2008-06-30,35.184844970703125,1280.0,5411.89990234375,30.832836151123047,53.98276901245117,41.844627380371094,12.737515449523926,24.679019927978516,59.238101959228516,62.490760803222656,91.4000015258789,1.9831039905548096,39.9865608215332,10.81576919555664,,3.9790000915527344
2008-07-31,34.07419967651367,1267.3800048828125,5636.60009765625,29.46967315673828,55.75743103027344,42.706172943115234,12.406723022460938,23.847700119018555,59.47603988647461,62.76506423950195,90.08000183105469,1.810511827468872,39.390567779541016,10.194534301757812,913.9000244140625,3.9790000915527344
2008-08-31,33.5046272277832,1282.8299560546875,4902.5,27.608428955078125,57.96661376953125,43.31093215942383,12.632806777954102,22.81940460205078,59.90660095214844,63.02230453491211,81.70999908447266,1.7820864915847778,37.7173957824707,10.082093238830566,829.2999877929688,3.812999963760376
2008-09-30,29.39664649963379,1166.3599853515625,4377.2998046875,23.555057525634766,53.36033630371094,39.77534103393555,11.36032485961914,20.493066787719727,58.857913970947266,63.53662109375,85.06999969482422,1.607303500175476,33.403961181640625,8.896121978759766,874.2000122070312,3.8269999027252197
2008-10-31,23.985780715942383,968.75,,17.5301456451416,42.26752471923828,33.275386810302734,9.517232894897461,16.745088577270508,57.51264953613281,64.2047348022461,71.33999633789062,,26.444303512573242,7.808074951171875,716.7999877929688,3.9700000286102295
2008-11-30,21.885515213012695,896.239990234375,4288.0,15.820558547973633,37.22686004638672,30.193721771240234,8.935079574584961,15.38525390625,59.23939514160156,64.87965393066406,80.30999755859375,1.5347779989242554,24.759286880493164,8.134873390197754,816.2000122070312,2.9570000171661377
2008-12-31,23.081594467163086,903.25,4434.2001953125,17.21304702758789,38.72098922729492,30.267417907714844,9.019390106201172,16.80689811706543,62.96174240112305,65.02508544921875,86.5199966430664,1.4656095504760742,26.616369247436523,7.840480804443359,883.5999755859375,2.24399995803833
2009-01-31,20.45448112487793,825.8800048828125,4149.60009765625,15.833579063415527,35.24424743652344,26.87948226928711,8.619804382324219,14.908068656921387,62.19015884399414,65.21308898925781,91.30999755859375,1.4412959814071655,23.253673553466797,7.925878524780273,927.2999877929688,2.8440001010894775
2009-02-28,18.468130111694336,735.0900268554688,3830.10009765625,14.840919494628906,31.02096176147461,23.35108757019043,7.865522861480713,13.132615089416504,61.31330490112305,65.01188659667969,92.62999725341797,1.4277962446212769,20.838178634643555,6.933088779449463,,3.0409998893737793
2009-03-31,20.16970443725586,797.8699951171875,4243.7001953125,17.34354019165039,33.31881332397461,25.19315528869629,8.442322731018066,14.020339012145996,62.010501861572266,65.34326934814453,90.27999877929688,1.4788086414337158,22.586711883544922,6.987790584564209,,2.684999942779541
2009-04-30,22.746976852416992,872.8099975585938,4417.89990234375,20.04188346862793,38.57075881958008,28.442731857299805,9.188570976257324,14.83360767364502,62.3167839050293,65.22638702392578,87.2699966430664,1.617861270904541,25.188467025756836,7.147938251495361,890.7000122070312,3.124000072479248
2009-05-31,25.132028579711914,919.1400146484375,4249.2001953125,23.23655891418457,39.882423400878906,30.290544509887695,9.660452842712402,17.061519622802734,62.77302932739258,65.24236297607422,96.19999694824219,1.6466867923736572,28.51128387451172,7.402331829071045,978.7999877929688,3.4649999141693115
2009-06-30,24.555349349975586,919.3200073242188,4608.39990234375,22.530521392822266,40.60581970214844,29.879919052124023,9.674633026123047,16.74079132080078,63.05092239379883,65.2086410522461,91.18000030517578,1.670508861541748,27.525854110717773,7.712031841278076,927.0999755859375,3.5230000019073486
2009-07-31,27.082847595214844,987.47998046875,4908.89990234375,25.2156982421875,44.17509841918945,32.62233352661133,10.372533798217773,18.124967575073242,63.82994842529297,65.2950668334961,93.3499984741211,1.629195213317871,30.93345069885254,8.093609809875488,953.7000122070312,3.500999927520752
2009-08-31,27.886577606201172,1020.6199951171875,5133.89990234375,24.884469985961914,45.6301155090332,34.43470764160156,10.592187881469727,18.52190589904785,64.61592102050781,65.56214904785156,93.4000015258789,1.6002048254013062,32.326412200927734,8.17471694946289,951.7000122070312,3.4010000228881836
2009-09-30,29.242860794067383,1057.0799560546875,5044.60009765625,27.421539306640625,48.05521011352539,35.275421142578125,10.980649948120117,19.572628021240234,65.38677215576172,65.72042083740234,98.8499984741211,1.6447908878326416,33.55368423461914,8.202681541442871,1008.0,3.306999921798706
2009-10-31,28.4534854888916,1036.18994140625,,26.477190017700195,45.041873931884766,34.19112014770508,10.989630699157715,18.737886428833008,65.52741241455078,65.81298065185547,102.52999877929688,,32.70686340332031,8.021759986877441,1039.699951171875,3.3919999599456787
2009-11-30,29.98918914794922,1095.6300048828125,5190.7001953125,28.556188583374023,46.44917678833008,36.34667205810547,11.63260269165039,19.987083435058594,66.38147735595703,66.13760375976562,115.63999938964844,1.6457926034927368,33.98937225341797,8.408860206604004,,3.2009999752044678
2009-12-31,30.34799575805664,1115.0999755859375,5412.89990234375,29.246829986572266,49.92747497558594,36.74176025390625,11.836716651916504,19.893688201904297,64.92628479003906,65.21067810058594,107.30999755859375,1.6182016134262085,33.92186737060547,8.764878273010254,1095.199951171875,3.8429999351501465
2010-01-31,28.932966232299805,1073.8699951171875,5188.5,27.2033634185791,48.259521484375,36.223304748535156,11.258058547973633,19.5394229888916,66.2590560913086,66.2532730102539,105.95999908447266,1.5975971221923828,32.496742248535156,8.442933082580566,1083.0,3.6089999675750732
2010-02-28,29.56147003173828,1104.489990234375,5354.5,27.686601638793945,50.419189453125,37.16534423828125,11.64739990234375,19.604768753051758,66.18311309814453,66.29286193847656,109.43000030517578,1.5180495977401733,32.58344650268555,8.331430435180664,1118.300048828125,3.5950000286102295
2010-03-31,31.432533264160156,1169.4300537109375,5553.2998046875,29.93222999572754,54.43346405029297,39.39834213256836,12.27854061126709,20.323612213134766,66.18092346191406,66.12158966064453,108.94999694824219,1.5300110578536987,34.66402816772461,8.480104446411133,1113.300048828125,3.8329999446868896
2010-04-30,31.36029624938965,1186.68994140625,5188.39990234375,29.882488250732422,57.667720794677734,40.34514617919922,12.485357284545898,20.050334930419922,66.82566833496094,66.31585693359375,115.36000061035156,1.4522007703781128,33.69184494018555,8.780586242675781,1180.0999755859375,3.6630001068115234
2010-05-31,28.420045852661133,1089.4100341796875,4916.89990234375,27.07544708251953,53.32152557373047,37.14894104003906,11.48414134979248,17.92351531982422,67.55615997314453,66.61785888671875,118.87999725341797,1.4944332838058472,29.9207820892334,8.295984268188477,1212.199951171875,3.3010001182556152
2010-06-30,27.163026809692383,1030.7099609375,5258.0,26.521148681640625,49.192626953125,34.80784606933594,10.88382339477539,17.37696075439453,68.74491119384766,66.9028549194336,121.68000030517578,1.5698094367980957,28.79999542236328,8.15175724029541,1245.5,2.9509999752044678
2010-07-31,29.967449188232422,1101.5999755859375,5225.2001953125,29.615381240844727,52.33155059814453,37.47390365600586,11.681875228881836,19.61263084411621,69.34198760986328,67.03123474121094,115.48999786376953,1.54659903049469,32.70612335205078,8.852801322937012,1181.699951171875,2.9070000648498535
2010-08-31,28.684478759765625,1049.3299560546875,5548.60009765625,28.656814575195312,48.59542465209961,35.74074935913086,11.174233436584473,19.23790740966797,70.24847412109375,67.19303894042969,122.08000183105469,1.57957923412323,31.464916229248047,8.981056213378906,,2.4769999980926514
2010-09-30,31.498268127441406,1141.199951171875,5675.2001953125,32.02610397338867,54.506351470947266,38.22069549560547,12.251420021057129,20.646142959594727,70.25301361083984,67.27360534667969,127.91000366210938,1.5774115324020386,34.60259246826172,9.147212982177734,1307.800048828125,2.5169999599456787
2010-10-31,32.679176330566406,1183.260009765625,,32.991817474365234,56.90997314453125,39.485904693603516,12.919129371643066,21.649444580078125,70.38084411621094,67.42530059814453,132.6199951171875,,35.91941452026367,9.341171264648438,1357.0999755859375,2.611999988555908
2010-11-30,31.964805603027344,1180.550048828125,5528.2998046875,32.03325271606445,58.8933219909668,39.280189514160156,12.958498001098633,20.476917266845703,69.78600311279297,67.28556823730469,135.4199981689453,1.5556211471557617,34.186763763427734,9.05846118927002,1385.0,2.796999931335449
2010-12-31,34.122501373291016,1257.6400146484375,5899.89990234375,34.079139709472656,63.337642669677734,42.26628494262695,13.602896690368652,21.190107345581055,68.90821838378906,67.1231460571289,138.72000122070312,1.5437101125717163,36.68177032470703,9.229264259338379,1421.0999755859375,3.305000066757202
2011-01-31,34.82357406616211,1286.1199951171875,5862.89990234375,33.04451370239258,63.388580322265625,43.8763313293457,13.856161117553711,22.4547061920166,69.43217468261719,67.31670379638672,129.8699951171875,1.5829297304153442,37.802921295166016,9.453001976013184,1333.800048828125,3.378000020980835
2011-02-28,35.905601501464844,1327.219970703125,5994.0,33.03009033203125,66.901611328125,45.49607849121094,14.305479049682617,23.15275001525879,69.4256591796875,67.18059539794922,137.66000366210938,1.610046625137329,39.14485168457031,9.569226264953613,1409.300048828125,3.4140000343322754
2011-03-31,35.59644317626953,1325.8299560546875,6069.89990234375,35.1075439453125,68.4466781616211,45.17499923706055,14.293001174926758,22.8129940032959,69.29112243652344,67.09881591796875,139.86000061035156,1.665001630783081,38.20995330810547,9.497705459594727,1438.9000244140625,3.4539999961853027
2011-04-30,37.311492919921875,1363.6099853515625,5990.0,36.06692886352539,70.39864349365234,46.50444030761719,14.814803123474121,23.961990356445312,70.35755920410156,67.45233154296875,152.3699951171875,1.6487774848937988,40.35958480834961,9.979593276977539,1556.0,3.2960000038146973
2011-05-31,36.582786560058594,1345.199951171875,5945.7001953125,35.00654602050781,69.13554382324219,45.658653259277344,14.745926856994629,23.6592960357666,71.23048400878906,67.69888305664062,149.63999938964844,1.6075878143310547,39.46919631958008,10.193266868591309,,3.049999952316284
2011-06-30,35.51548767089844,1320.6400146484375,5815.2001953125,34.335716247558594,67.47319030761719,44.44013595581055,14.50377082824707,23.06009292602539,70.91735076904297,67.69576263427734,146.0,1.6368486881256104,38.24810791015625,10.075895309448242,1502.300048828125,3.1579999923706055
2011-07-31,35.11923599243164,1292.280029296875,5394.5,34.32209014892578,64.97958374023438,43.065982818603516,14.478605270385742,22.718994140625,72.11807250976562,67.8934326171875,158.2899932861328,1.6307626962661743,38.064186096191406,10.084355354309082,1628.300048828125,2.805000066757202
2011-08-31,32.53463363647461,1218.8900146484375,5128.5,31.14560890197754,59.37995147705078,40.40046691894531,13.780866622924805,21.374454498291016,73.22012329101562,68.12757873535156,177.72000122070312,1.5599408149719238,34.73171615600586,10.303254127502441,1828.5,2.2179999351501465
2011-09-30,29.138164520263672,1131.4200439453125,5544.2001953125,25.57217788696289,52.555137634277344,37.15864944458008,12.831690788269043,20.036191940307617,73.8328628540039,68.06416320800781,158.05999755859375,1.6111880540847778,30.97781753540039,10.22116756439209,1620.4000244140625,1.9240000247955322
2011-10-31,32.43782043457031,1253.300048828125,,29.732210159301758,60.726078033447266,41.600528717041016,14.233081817626953,21.600637435913086,73.93585205078125,68.09146881103516,167.33999633789062,,33.9601936340332,10.703283309936523,1724.199951171875,2.174999952316284
2011-11-30,32.065391540527344,1246.9599609375,5505.39990234375,29.149364471435547,60.49633026123047,41.44095993041992,14.199418067932129,21.462406158447266,73.64551544189453,68.1229248046875,170.1300048828125,1.5597946643829346,33.2210807800293,10.813844680786133,1745.5,2.068000078201294
2011-12-31,31.40991973876953,1257.5999755859375,5572.2998046875,27.64126968383789,60.51274108886719,41.94138717651367,14.186797142028809,20.859256744384766,74.42536163330078,68.12933349609375,151.99000549316406,1.5415922403335571,32.1124153137207,11.050333023071289,1565.800048828125,1.871000051498413
2012-01-31,33.500465393066406,1312.4100341796875,5681.60009765625,30.973384857177734,65.15311431884766,44.303348541259766,14.845698356628418,22.002178192138672,75.3829345703125,68.25361633300781,169.30999755859375,1.570845127105713,34.2110595703125,10.770363807678223,,1.7990000247955322
2012-02-29,35.15739440917969,1365.6800537109375,5871.5,32.60626220703125,66.82687377929688,46.1362419128418,15.488593101501465,22.782209396362305,75.18611145019531,68.13250732421875,164.2899932861328,1.5922045707702637,35.86452865600586,10.835585594177246,1709.9000244140625,1.9769999980926514
2012-03-31,35.54905319213867,1408.469970703125,5737.7998046875,31.59123420715332,68.27803039550781,47.414146423339844,15.939046859741211,22.827341079711914,74.75346374511719,68.07684326171875,162.1199951171875,1.6281341314315796,36.015438079833984,10.882169723510742,1669.300048828125,2.2160000801086426
2012-04-30,35.14234924316406,1397.9100341796875,5320.89990234375,31.054292678833008,67.37911224365234,47.03077697753906,15.99608039855957,22.898250579833984,75.45254516601562,68.21817779541016,161.8800048828125,1.5482993125915527,35.2674446105957,11.177167892456055,,1.9149999618530273
2012-05-31,31.881174087524414,1310.3299560546875,5571.2001953125,27.729671478271484,62.946170806884766,43.91840362548828,15.123798370361328,21.106101989746094,76.27619171142578,68.25855255126953,151.6199951171875,1.5706970691680908,31.33716583251953,11.23985481262207,1562.5999755859375,1.5809999704360962
2012-06-30,33.04103088378906,1362.1600341796875,5635.2998046875,28.78148651123047,65.79942321777344,45.71681594848633,15.601325035095215,21.8925838470459,76.25701141357422,68.19229888916016,155.19000244140625,1.5713387727737427,32.78067398071289,11.594038009643555,1603.5,1.659000039100647
2012-07-31,33.773162841796875,1379.3199462890625,5711.5,29.118515014648438,65.12055206298828,46.3464241027832,15.941763877868652,22.546417236328125,77.3057861328125,68.34425354003906,156.49000549316406,1.5790305137634277,33.571205139160156,11.996149063110352,,1.4919999837875366
2012-08-31,34.71237564086914,1406.5799560546875,5742.10009765625,29.237619400024414,67.4228286743164,47.372257232666016,16.318937301635742,22.66484832763672,77.30960845947266,68.34917449951172,164.22000122070312,1.6145178079605103,34.645477294921875,11.499471664428711,1684.5999755859375,1.562000036239624
2012-09-30,35.651573181152344,1440.6700439453125,5782.7001953125,30.763513565063477,69.35112762451172,48.55305099487305,16.58957862854004,23.191171646118164,77.51614379882812,68.36213684082031,171.88999938964844,1.6074585914611816,35.58548355102539,11.512127876281738,1771.0999755859375,1.6369999647140503
2012-10-31,35.46831512451172,1412.1600341796875,,30.6295223236084,68.11119079589844,48.491600036621094,16.18919563293457,23.559600830078125,77.48793029785156,68.31672668457031,166.8300018310547,,35.97490692138672,11.796984672546387,1717.5,1.6859999895095825
2012-11-30,36.033363342285156,1416.1800537109375,5866.7998046875,31.105911254882812,68.4867172241211,48.558406829833984,16.332612991333008,23.191171646118164,77.67235565185547,68.3507080078125,166.0500030517578,1.6041065454483032,36.97532272338867,11.29185676574707,1710.9000244140625,1.6059999465942383
2012-12-31,36.712955474853516,1426.18994140625,5897.7998046875,33.011417388916016,70.35570526123047,49.28592300415039,16.21274185180664,23.49380874633789,77.02962493896484,68.33451843261719,162.02000427246094,1.616292119026184,38.17717742919922,11.16397476196289,1674.800048828125,1.75600004196167
2013-01-31,38.4757080078125,1498.1099853515625,6276.89990234375,33.12485122680664,75.39201354980469,52.837677001953125,16.95375633239746,24.585834503173828,77.1677474975586,68.3758773803711,161.1999969482422,1.579778790473938,40.03428268432617,11.826666831970215,1660.5999755859375,1.9850000143051147
2013-02-28,38.43715286254883,1514.6800537109375,6360.7998046875,32.368263244628906,76.14946746826172,53.450843811035156,17.15402603149414,24.4512939453125,77.4753646850586,68.4001693725586,153.0,1.5167601108551025,39.51841354370117,12.101483345031738,1577.699951171875,1.8880000114440918
2013-03-31,39.13894271850586,1569.18994140625,6430.10009765625,32.038665771484375,79.473876953125,55.185665130615234,17.73974609375,25.00288200378418,77.5536117553711,68.42520904541016,154.4499969482422,1.549426794052124,40.03428268432617,12.64140796661377,1594.800048828125,1.8519999980926514
2013-04-30,40.24950408935547,1597.5699462890625,6583.10009765625,32.428192138671875,79.41878509521484,56.45465850830078,18.17154312133789,26.15314292907715,78.26850128173828,68.47228240966797,142.77000427246094,1.5229045152664185,42.043460845947266,13.511055946350098,1472.199951171875,1.6749999523162842
2013-05-31,40.09524917602539,1630.739990234375,6215.5,30.862592697143555,82.54154205322266,57.84515380859375,18.590978622436523,24.626190185546875,76.74363708496094,68.38150024414062,133.9199981689453,1.520426869392395,40.774147033691406,12.288117408752441,1392.5999755859375,2.1640000343322754
2013-06-30,38.560543060302734,1606.280029296875,6621.10009765625,28.840045928955078,81.8663101196289,56.950714111328125,18.16289520263672,23.671010971069336,75.54400634765625,68.31419372558594,119.11000061035156,1.5242043733596802,38.89393615722656,12.271809577941895,1223.800048828125,2.4779999256134033
2013-07-31,40.84067916870117,1685.72998046875,6412.89990234375,29.60597801208496,87.48728942871094,60.26633834838867,19.198217391967773,25.263153076171875,75.74281311035156,68.42528533935547,127.95999908447266,1.5511090755462646,41.794471740722656,12.93507194519043,1312.4000244140625,2.5929999351501465
2013-08-31,39.90341567993164,1632.969970703125,6462.2001953125,28.854631423950195,85.09015655517578,58.09724044799805,18.746746063232422,24.40151023864746,75.11210632324219,68.35800170898438,134.6199951171875,1.6168932914733887,40.97727966308594,12.289310455322266,1396.0999755859375,2.749000072479248
2013-09-30,42.11376190185547,1681.550048828125,6731.39990234375,30.93410873413086,90.37125396728516,59.19310760498047,19.39572525024414,26.03516960144043,75.95735168457031,68.51043701171875,128.17999267578125,1.602615475654602,44.1837272644043,12.312374114990234,,2.615000009536743
2013-10-31,43.777400970458984,1756.5400390625,,32.224300384521484,92.80464172363281,62.14186096191406,20.392818450927734,27.013986587524414,76.59610748291016,68.55744171142578,127.73999786376953,,45.62419509887695,12.899316787719727,1323.5999755859375,2.5420000553131104
2013-11-30,44.45689392089844,1805.81005859375,6650.60009765625,32.14081573486328,96.47633361816406,63.89021301269531,20.944149017333984,26.724483489990234,76.40574645996094,68.62079620361328,120.69999694824219,1.6369023323059082,45.873504638671875,12.649846076965332,1250.5999755859375,2.740999937057495
2013-12-31,45.003631591796875,1848.3599853515625,6749.10009765625,31.723390579223633,98.04875946044922,64.9620132446289,21.519458770751953,26.8416690826416,75.82096099853516,68.48201751708984,116.12000274658203,1.6495118141174316,46.469093322753906,12.62988567352295,,3.0260000228881836
2014-01-31,43.27413558959961,1782.5899658203125,6510.39990234375,29.245607376098633,95.69601440429688,62.7285270690918,20.976558685302734,26.84296417236328,77.28719329833984,68.65253448486328,120.08999633789062,1.6498383283615112,44.43388748168945,13.144981384277344,1240.0999755859375,2.6679999828338623
2014-02-28,45.52644348144531,1859.449951171875,6809.7001953125,30.23348617553711,100.2691650390625,65.09880828857422,22.070789337158203,28.079288482666016,77.43025207519531,68.66062927246094,127.62000274658203,1.6691983938217163,47.15818786621094,13.598840713500977,1321.4000244140625,2.6579999923706055
2014-03-31,45.78631591796875,1872.3399658203125,6780.0,31.4051570892334,99.26242065429688,66.44453430175781,21.849754333496094,29.092103958129883,77.32015991210938,68.5899658203125,123.61000061035156,1.6824253797531128,46.94163131713867,13.938392639160156,1283.4000244140625,2.7230000495910645
2014-04-30,46.3297119140625,1883.949951171875,6844.5,31.650209426879883,95.78909301757812,67.60010528564453,21.95607566833496,29.51818084716797,77.95142364501953,68.66145324707031,124.22000122070312,1.6759121417999268,47.723995208740234,14.647764205932617,1295.5999755859375,2.6480000019073486
2014-05-31,47.25897979736328,1923.5699462890625,6743.89990234375,32.58446502685547,96.5418930053711,68.4227066040039,22.67622947692871,30.3144588470459,78.87651824951172,68.78411865234375,120.43000030517578,1.7034034729003906,48.48540496826172,14.488439559936523,1245.5999755859375,2.4570000171661377
2014-06-30,47.45586395263672,1960.22998046875,6730.10009765625,33.10520935058594,101.6315689086914,69.40674591064453,23.095598220825195,30.964052200317383,78.82606506347656,68.72810363769531,128.0399932861328,1.6910173892974854,47.758934020996094,15.003700256347656,,2.5160000324249268
2014-07-31,47.42354202270508,1930.6700439453125,6819.7998046875,33.822471618652344,95.11333465576172,68.7544174194336,22.885061264038086,30.588327407836914,78.63587188720703,68.673583984375,123.38999938964844,1.6590901613235474,47.65790557861328,14.102919578552246,1281.300048828125,2.555999994277954
2014-08-31,48.6452751159668,2003.3699951171875,6622.7001953125,34.779571533203125,100.08966827392578,71.20386505126953,23.85678482055664,31.36754608154297,79.53633117675781,68.7996597290039,123.86000061035156,1.624220371246338,47.743778228759766,14.796953201293945,1285.800048828125,2.3429999351501465
2014-09-30,47.03227233886719,1972.2900390625,6546.5,32.078086853027344,93.89847564697266,69.59664916992188,23.53728675842285,30.057031631469727,79.05229187011719,68.74848175048828,116.20999908447266,1.600102424621582,45.890140533447266,14.390106201171875,1210.5,2.507999897003174
2014-10-31,47.59921646118164,2018.050048828125,,32.533485412597656,100.3646469116211,71.23407745361328,24.27533721923828,30.659164428710938,79.89677429199219,68.92576599121094,112.66000366210938,,45.768470764160156,15.685813903808594,1171.0999755859375,2.3350000381469727
2014-11-30,48.253990173339844,2067.56005859375,6722.60009765625,32.031776428222656,100.47659301757812,72.92015838623047,25.02930450439453,30.63789939880371,80.42073822021484,68.99909973144531,112.11000061035156,1.5613046884536743,45.79710388183594,15.86864185333252,1175.199951171875,2.194000005722046
2014-12-31,46.7128791809082,2058.89990234375,6566.10009765625,30.325990676879883,102.99949645996094,72.85797882080078,24.675539016723633,29.858684539794922,80.20433807373047,68.77029418945312,113.58000183105469,1.5569047927856445,43.54267883300781,16.28950309753418,1183.9000244140625,2.1700000762939453
2015-01-31,46.496158599853516,1994.989990234375,6749.39990234375,30.550785064697266,99.99537658691406,70.0122299194336,24.36455535888672,30.40029525756836,82.33595275878906,69.25267028808594,123.44999694824219,1.5070000886917114,44.2431526184082,16.817554473876953,1278.5,1.6749999523162842
2015-02-28,49.057350158691406,2104.5,6946.7001953125,31.897470474243164,105.94156646728516,73.85014343261719,25.820878982543945,30.421875,81.47140502929688,69.02450561523438,116.16000366210938,1.543805480003357,47.047183990478516,15.74208927154541,,2.002000093460083
2015-03-31,48.340538024902344,2067.889892578125,6960.60009765625,31.41986846923828,107.48857879638672,72.34935760498047,25.296958923339844,30.091039657592773,81.76797485351562,69.19805908203125,113.66000366210938,1.542686104774475,46.375083923339844,15.463659286499023,,1.934000015258789
2015-04-30,49.72584915161133,2085.510009765625,6984.39990234375,33.57297897338867,105.05128479003906,73.81605529785156,25.507034301757812,31.435937881469727,81.48600006103516,69.21524810791016,113.47000122070312,1.531909704208374,48.066192626953125,15.51174259185791,1182.4000244140625,2.0460000038146973
2015-05-31,49.72584915161133,2107.389892578125,6521.0,32.19498825073242,107.4006118774414,74.33495330810547,25.95921516418457,31.01161003112793,81.13247680664062,69.24542236328125,114.0999984741211,1.573192834854126,48.16013717651367,15.609963417053223,1189.4000244140625,2.0950000286102295
2015-06-30,47.881465911865234,2063.110107421875,6696.2998046875,31.020565032958984,108.2414779663086,72.4952392578125,25.362247467041016,29.213624954223633,80.25801849365234,69.26582336425781,112.37000274658203,1.5604275465011597,45.8836669921875,14.543577194213867,1171.5,2.3350000381469727
2015-07-31,48.843021392822266,2103.840087890625,6247.89990234375,29.27945327758789,106.59436798095703,73.19728088378906,26.387746810913086,29.719762802124023,80.94056701660156,69.2960433959961,104.93000030517578,1.5418059825897217,47.606414794921875,15.571419715881348,1094.9000244140625,2.2049999237060547
2015-08-31,45.518367767333984,1972.1800537109375,6061.60009765625,26.692258834838867,100.29083251953125,68.7716064453125,24.767288208007812,28.146751403808594,80.67202758789062,69.26167297363281,108.81999969482422,1.5157945156097412,44.071571350097656,15.029837608337402,1131.5999755859375,2.200000047683716
2015-09-30,43.95383071899414,1920.030029296875,6361.10009765625,25.85615348815918,95.06735229492188,66.40861511230469,24.094514846801758,27.476755142211914,81.3189926147461,69.46439361572266,106.86000061035156,1.5429003238677979,42.124107360839844,15.323638916015625,1115.5,2.059999942779541
2015-10-31,47.3192253112793,2079.360107421875,,27.504703521728516,100.70087432861328,71.76591491699219,26.483243942260742,28.656522750854492,81.38844299316406,69.36634063720703,109.30000305175781,,44.90933609008789,15.632691383361816,1141.5,2.1510000228881836
2015-11-30,47.06660842895508,2080.409912109375,6356.10009765625,26.810579299926758,103.98365020751953,72.17155456542969,26.528141021728516,27.469472885131836,81.06416320800781,69.18629455566406,101.91999816894531,1.5038950443267822,44.5712890625,15.30038833618164,,2.2179999351501465
2015-12-31,45.48577880859375,2043.93994140625,6242.2998046875,25.390775680541992,98.32611846923828,70.41378021240234,25.99169921875,26.17319679260254,80.62654113769531,69.04788208007812,101.45999908447266,1.481920599937439,43.1529541015625,15.464753150939941,1060.300048828125,2.2690000534057617
2016-01-31,43.632240295410156,1940.239990234375,6083.7998046875,24.488723754882812,90.28233337402344,67.37016296386719,24.75309944152832,26.60986328125,82.07379150390625,69.56719970703125,106.94999694824219,1.4246028661727905,41.12998580932617,16.39719581604004,1116.4000244140625,1.930999994277954
2016-02-29,43.087440490722656,1932.22998046875,6097.10009765625,24.288454055786133,90.08064270019531,67.77046203613281,24.57051658630371,26.68400764465332,82.62915802001953,69.60814666748047,118.63999938964844,1.3861935138702393,39.758487701416016,16.71488380432129,1233.9000244140625,1.7400000095367432
2016-03-31,46.27360153198242,2059.739990234375,6241.89990234375,27.436662673950195,97.00789642333984,71.99760437011719,26.12363624572754,28.982437133789062,83.35836029052734,69.70242309570312,117.63999938964844,1.4617104530334473,42.37544631958008,17.913448333740234,1234.199951171875,1.7860000133514404
2016-04-30,46.89268493652344,2065.300048828125,6230.7998046875,27.548812866210938,98.9262466430664,73.87608337402344,25.911312103271484,29.63489532470703,83.5712661743164,69.72460174560547,123.6500015258789,1.4635074138641357,43.31694793701172,17.61166763305664,1289.199951171875,1.819000005722046
2016-05-31,47.04951095581055,2096.949951171875,6504.2998046875,26.531450271606445,101.1426010131836,74.55267333984375,26.571989059448242,29.523677825927734,83.59554290771484,69.64336395263672,116.05999755859375,1.3465837240219116,43.27988815307617,17.87718963623047,,1.8339999914169312
2016-06-30,46.41393280029297,2098.860107421875,6724.39990234375,27.524784088134766,101.12504577636719,74.82652282714844,26.377410888671875,29.998191833496094,85.20294189453125,70.06120300292969,126.47000122070312,1.3216325044631958,41.38203430175781,19.08477020263672,1318.4000244140625,1.4880000352859497
2016-07-31,48.79912567138672,2173.60009765625,6781.5,29.23467254638672,106.48119354248047,77.26069641113281,27.71189308166504,31.271747589111328,85.6742935180664,70.02940368652344,128.97999572753906,1.3090718984603882,43.91240310668945,19.112529754638672,1349.0,1.4579999446868896
2016-08-31,48.966392517089844,2170.949951171875,6899.2998046875,29.493024826049805,108.97615814208984,77.69813537597656,27.6164608001709,30.72945785522461,85.49409484863281,69.86497497558594,124.77999877929688,1.2963443994522095,44.146942138671875,18.05275535583496,1306.9000244140625,1.5679999589920044
2016-09-30,49.426361083984375,2168.27001953125,6954.2001953125,30.235811233520508,109.8427963256836,76.92854309082031,27.64373207092285,31.30187225341797,85.5368423461914,69.95611572265625,125.63999938964844,1.2215979099273682,44.737083435058594,17.964750289916992,1313.300048828125,1.6080000400543213
2016-10-31,48.481327056884766,2126.14990234375,,29.98552131652832,105.0829086303711,76.23947143554688,27.155244827270508,30.292617797851562,84.84144592285156,69.92326354980469,121.94000244140625,,43.745948791503906,18.280668258666992,1271.5,1.8339999914169312
2016-11-30,48.983123779296875,2198.81005859375,6783.7998046875,28.661447525024414,116.70854187011719,81.04060363769531,27.48354148864746,29.057416915893555,82.65814971923828,69.59293365478516,111.75,1.249219298362732,42.966670989990234,17.289525985717773,1170.800048828125,2.368000030517578
2016-12-31,49.48490905761719,2238.830078125,7142.7998046875,28.265838623046875,119.58167266845703,82.63825988769531,27.76624298095703,29.403879165649414,82.67667388916016,69.59355163574219,109.61000061035156,1.2340041399002075,43.677852630615234,17.962610244750977,1150.0,2.446000099182129
2017-01-31,51.39613723754883,2278.8701171875,7099.2001953125,30.49169921875,120.41328430175781,83.62335968017578,28.69696617126465,30.32558822631836,83.20153045654297,69.75938415527344,115.55000305175781,1.25,45.58184051513672,18.364282608032227,,2.4509999752044678
2017-02-28,52.687564849853516,2363.639892578125,7263.39990234375,31.02248191833496,122.7373275756836,86.78884887695312,29.864532470703125,31.15778350830078,83.57035827636719,69.74288177490234,119.2300033569336,1.2439358234405518,46.12457275390625,19.331411361694336,1252.5999755859375,2.3580000400543213
2017-03-31,53.39659881591797,2362.719970703125,7203.89990234375,32.165714263916016,122.41674041748047,85.3208999633789,30.109493255615234,32.3106575012207,83.52336883544922,69.78498077392578,118.72000122070312,1.2931592464447021,47.61517333984375,19.159648895263672,1247.300048828125,2.3959999084472656
2017-04-30,54.257568359375,2384.199951171875,7520.0,32.71283721923828,124.18018341064453,85.69741821289062,30.805713653564453,32.78400421142578,84.2789306640625,69.91222381591797,120.7699966430664,1.2809016704559326,48.76943588256836,19.451993942260742,1266.0999755859375,2.2820000648498535
2017-05-31,55.45615768432617,2411.800048828125,7312.7001953125,33.64374542236328,121.73336029052734,85.40882110595703,31.67399787902832,34.09720230102539,84.8459701538086,69.96022033691406,120.62000274658203,1.3011176586151123,50.49699783325195,20.257158279418945,1272.0,2.196000099182129
2017-06-30,55.278900146484375,2423.409912109375,7372.0,33.79890441894531,125.84117889404297,86.53838348388672,31.435102462768555,33.57039260864258,84.83831024169922,69.90396881103516,118.0199966430664,1.3144922256469727,49.839603424072266,19.549816131591797,1240.699951171875,2.302000045776367
2017-07-31,57.42033767700195,2470.300048828125,7430.60009765625,35.932621002197266,126.36805725097656,88.2296371459961,32.36891174316406,35.13337326049805,85.1251449584961,70.03140258789062,120.75,1.2920564413070679,51.99032974243164,20.186344146728516,1266.5999755859375,2.2920000553131104
2017-08-31,57.650794982910156,2471.64990234375,7372.7998046875,36.77762222290039,125.31753540039062,87.13528442382812,32.83225631713867,35.72319793701172,85.92274475097656,70.16983032226562,125.81999969482422,1.339674472808838,51.967037200927734,20.850120544433594,1316.199951171875,2.121000051498413
2017-09-30,58.73466873168945,2519.360107421875,7493.10009765625,36.761207580566406,132.89593505859375,89.46497344970703,33.06047058105469,35.12560272216797,85.43293762207031,70.03804779052734,121.58000183105469,1.3212482929229736,53.19435119628906,20.12186050415039,1281.5,2.3259999752044678
2017-10-31,59.99778366088867,2575.260009765625,,37.9671745300293,134.18862915039062,91.04590606689453,34.27794647216797,35.34291076660156,85.51747131347656,69.97314453125,120.66999816894531,,54.087650299072266,21.066471099853516,,2.375999927520752
2017-11-30,61.20968246459961,2647.580078125,7326.7001953125,37.81949996948242,138.13536071777344,94.09881591796875,35.219703674316406,35.940486907958984,85.38965606689453,69.81765747070312,121.0999984741211,1.3417235612869263,54.46050262451172,21.632118225097656,1273.199951171875,2.4170000553131104
2017-12-31,61.52545166015625,2673.610107421875,7687.7998046875,38.656288146972656,137.0655517578125,95.29164123535156,35.34928512573242,35.09457015991211,85.7640380859375,69.72433471679688,123.6500015258789,1.351607084274292,54.61585998535156,20.133926391601562,1306.300048828125,2.4049999713897705
2018-01-31,65.63774108886719,2823.81005859375,7533.60009765625,42.49839401245117,141.10440063476562,99.67225646972656,38.00043487548828,35.994815826416016,85.00723266601562,69.66822814941406,127.6500015258789,1.4155884981155396,57.966243743896484,19.688962936401367,1339.0,2.7200000286102295
2018-02-28,62.7004280090332,2713.830078125,7231.89990234375,39.99163055419922,135.68077087402344,94.13676452636719,37.21800231933594,33.54902267456055,83.9613265991211,69.52655792236328,125.0,1.3906078338623047,55.163700103759766,18.925172805786133,1315.5,2.868000030517578
2018-03-31,61.76150894165039,2640.8701171875,7509.2998046875,40.20815658569336,137.016357421875,91.70448303222656,36.00373458862305,33.69844436645508,84.52802276611328,69.69825744628906,125.79000091552734,1.37710702419281,54.700538635253906,19.49222183227539,1322.800048828125,2.740999937057495
2018-04-30,62.01129913330078,2648.050048828125,7678.2001953125,39.07553482055664,138.68048095703125,92.6961441040039,36.19712829589844,34.37477493286133,83.72715759277344,69.52801513671875,124.58999633789062,1.328356385231018,55.532657623291016,20.04407501220703,,2.936000108718872
2018-05-31,62.304168701171875,2705.27001953125,7636.89990234375,38.051170349121094,147.22811889648438,92.92388916015625,37.75958251953125,33.800682067871094,84.28146362304688,69.76518249511719,123.0999984741211,1.3210039138793945,54.48073959350586,19.822494506835938,1300.0999755859375,2.822000026702881
2018-06-30,61.26189422607422,2718.3701171875,7748.7998046875,36.08574676513672,148.13265991210938,92.89856719970703,37.864356994628906,33.77709197998047,84.36164093017578,69.7762451171875,118.6500015258789,1.3135426044464111,52.57312774658203,20.199581146240234,1251.300048828125,2.8489999771118164
2018-07-31,63.838096618652344,2816.2900390625,7432.39990234375,37.6040153503418,150.03208923339844,97.2276611328125,39.27704620361328,34.972164154052734,84.35260772705078,69.73087310791016,115.98999786376953,1.301100730895996,55.146888732910156,20.705821990966797,,2.9639999866485596
2018-08-31,64.28226470947266,2901.52001953125,7510.2001953125,36.1873779296875,157.06613159179688,98.5266342163086,41.164058685302734,34.06887435913086,84.81365966796875,69.96566009521484,113.51000213623047,1.3031013011932373,53.9139289855957,20.972532272338867,1200.300048828125,2.8529999256134033
2018-09-30,64.67418670654297,2913.97998046875,7128.10009765625,35.977806091308594,153.00831604003906,98.34832000732422,41.3765869140625,33.6692008972168,84.30380249023438,69.87171936035156,112.76000213623047,1.2708903551101685,54.4343376159668,20.650901794433594,1191.5,3.055999994277954
2018-10-31,59.86671447753906,2711.739990234375,,32.82597732543945,136.55743408203125,93.63835906982422,38.140907287597656,32.42219543457031,83.74335479736328,69.9732894897461,115.1500015258789,,50.006893157958984,21.24814224243164,1212.300048828125,3.1589999198913574
2018-11-30,60.81602478027344,2760.169921875,6980.2001953125,34.43543243408203,138.91482543945312,95.9953384399414,38.67010498046875,33.04569625854492,84.17659759521484,70.23225402832031,115.54000091552734,1.2784454822540283,50.25509262084961,22.000083923339844,1220.199951171875,3.013000011444092
2018-12-31,55.87793731689453,2506.85009765625,6728.10009765625,32.74215316772461,121.87588500976562,86.37104034423828,35.28173065185547,31.478944778442383,85.89009094238281,70.66862487792969,121.25,1.269357681274414,47.060604095458984,20.94341468811035,1278.300048828125,2.686000108718872
2019-01-31,60.96952438354492,2704.10009765625,6968.89990234375,36.671417236328125,136.1285858154297,94.41032409667969,38.01539993286133,34.739627838134766,87.05323028564453,71.06851196289062,124.75,1.3117163181304932,50.72256088256836,21.855674743652344,1319.699951171875,2.634999990463257
2019-02-28,62.47352981567383,2784.489990234375,7074.7001953125,36.10986328125,143.17884826660156,96.52590942382812,39.57295227050781,35.67478942871094,86.7373046875,71.00068664550781,123.98999786376953,1.3318239450454712,52.00923156738281,22.75368881225586,1312.800048828125,2.7109999656677246
2019-03-31,63.45859909057617,2834.39990234375,7418.2001953125,36.518272399902344,139.8089599609375,96.95587921142578,40.49149703979492,36.447330474853516,88.57842254638672,71.44396209716797,122.01000213623047,1.2932428121566772,52.48668670654297,23.216663360595703,1293.0,2.4140000343322754
2019-04-30,65.63106536865234,2945.830078125,7161.7001953125,37.37762451171875,144.9431915283203,101.49888610839844,42.23332214355469,36.99216842651367,88.40901947021484,71.56703186035156,121.19999694824219,1.2609704732894897,54.02421951293945,23.60596466064453,1282.800048828125,2.509000062942505
2019-05-31,61.646751403808594,2752.06005859375,7425.60009765625,34.63789749145508,133.561279296875,93.83631134033203,40.010406494140625,36.357879638671875,90.0990982055664,72.09049224853516,123.33000183105469,1.269599437713623,51.30520248413086,23.42101287841797,1305.800048828125,2.1419999599456787
2019-06-30,64.83067321777344,2941.760009765625,7586.7998046875,36.50975799560547,142.38851928710938,100.815673828125,42.252174377441406,37.569541931152344,91.09252166748047,72.41233825683594,133.1999969482422,1.2161602973937988,53.19070816040039,23.975881576538086,1409.699951171875,2.0
2019-07-31,65.69243621826172,2980.3798828125,7207.2001953125,35.81078338623047,143.8644256591797,103.1606216430664,42.93583297729492,37.43328857421875,91.26656341552734,72.37763977050781,133.2100067138672,1.215894103050232,53.280025482177734,24.134851455688477,1426.0999755859375,2.0209999084472656
2019-08-31,64.24070739746094,2926.4599609375,7408.2001953125,34.45619201660156,136.7704620361328,100.4122085571289,42.60676574707031,37.60700607299805,93.7994384765625,72.94832611083984,143.75,1.2293167114257812,52.25493240356445,25.362876892089844,1519.0999755859375,1.50600004196167
2019-09-30,65.68354034423828,2976.739990234375,7248.39990234375,35.039180755615234,139.06773376464844,103.62157440185547,42.61860656738281,38.442535400390625,93.22824096679688,72.85460662841797,138.8699951171875,1.290172815322876,53.90830612182617,26.238296508789062,,1.6749999523162842
2019-10-31,67.48259735107422,3037.56005859375,,36.505218505859375,143.3466033935547,106.9903564453125,43.49856185913086,39.02161407470703,93.42705535888672,73.0916976928711,142.42999267578125,,55.735286712646484,26.2410888671875,1511.4000244140625,1.690999984741211
2019-11-30,69.0589828491211,3140.97998046875,7346.5,36.470924377441406,149.17449951171875,111.13768768310547,44.985557556152344,38.72380447387695,93.39801025390625,73.05310821533203,137.86000061035156,1.293000340461731,56.36356735229492,25.750978469848633,1465.5999755859375,1.7760000228881836
2019-12-31,70.58196258544922,3230.780029296875,7542.39990234375,38.468509674072266,152.77084350585938,113.82381439208984,45.99748992919922,39.633785247802734,93.19929504394531,73.0528564453125,142.89999389648438,1.3113033771514893,57.40519332885742,26.392200469970703,,1.9190000295639038
2020-01-31,70.40837097167969,3225.52001953125,7286.0,36.873451232910156,148.57411193847656,111.4187240600586,47.33395004272461,40.78944396972656,95.46026611328125,73.71145629882812,149.3300018310547,1.3089004755020142,56.413326263427734,28.39295768737793,1582.9000244140625,1.5199999809265137
2020-02-29,65.13517761230469,2954.219970703125,6580.60009765625,35.48116683959961,135.43170166015625,100.87614440917969,44.11651611328125,37.122589111328125,96.76750183105469,74.23970031738281,148.3800048828125,1.2818392515182495,52.032684326171875,25.593994140625,1564.0999755859375,1.1269999742507935
2020-03-31,56.400611877441406,2584.590087890625,5901.2001953125,29.885793685913086,105.93527221679688,84.70145416259766,39.45292663574219,28.72081184387207,96.2638168334961,75.1729507446289,148.0500030517578,1.2471472024917603,44.692596435546875,22.8073787689209,,0.6980000138282776
2020-04-30,61.94422912597656,2912.429931640625,6076.60009765625,32.08366394042969,121.07113647460938,94.56693267822266,45.2191162109375,30.974742889404297,97.90865325927734,75.3956298828125,158.8000030517578,1.2344993352890015,47.29255676269531,23.804821014404297,1684.199951171875,0.621999979019165
2020-05-31,65.09912109375,3044.31005859375,6169.7001953125,33.038116455078125,129.0521697998047,97.62177276611328,47.91447448730469,32.84180450439453,98.58129119873047,75.36619567871094,162.91000366210938,1.2310571670532227,49.85907745361328,24.815053939819336,1736.9000244140625,0.6480000019073486
2020-06-30,66.45121002197266,3100.2900390625,5897.7998046875,35.01707077026367,133.02867126464844,96.0943374633789,49.756134033203125,32.20263671875,99.25051879882812,75.38523864746094,167.3699951171875,1.311785101890564,50.88735580444336,23.459762573242188,1793.0,0.652999997138977
2020-07-31,70.60404968261719,3271.1201171875,5963.60009765625,38.12664031982422,137.37533569335938,100.25865173339844,53.42731475830078,33.290706634521484,100.56690979003906,75.46360778808594,185.42999267578125,1.3356484174728394,52.61021041870117,25.5001220703125,1962.800048828125,0.5360000133514404
2020-08-31,74.8582992553711,3500.31005859375,5866.10009765625,39.227561950683594,144.8984832763672,103.7956314086914,58.47008514404297,33.80104064941406,99.75413513183594,75.45579528808594,184.8300018310547,1.2866535186767578,55.09446716308594,24.837772369384766,1967.5999755859375,0.6930000185966492
2020-09-30,72.64936828613281,3363.0,5577.2998046875,38.83123016357422,139.6406707763672,100.43728637695312,55.54249572753906,32.81439208984375,99.66545104980469,75.45575714111328,177.1199951171875,1.29490065574646,53.966800689697266,24.892271041870117,1887.5,0.6769999861717224
2020-10-31,71.03129577636719,3269.9599609375,,39.377281188964844,143.2610321044922,99.30318450927734,54.1337776184082,32.42313003540039,99.10273742675781,75.42867279052734,176.1999969482422,,52.05061340332031,26.37478256225586,1877.4000244140625,0.8600000143051147
2020-11-30,79.38525390625,3621.6298828125,6266.2001953125,42.91779327392578,169.3978271484375,112.12200927734375,59.28020477294922,36.57383728027344,100.30595397949219,75.44610595703125,166.6699981689453,1.333191156387329,59.477943420410156,26.569272994995117,,0.843999981880188
2020-12-31,82.46684265136719,3756.070068359375,6460.5,45.507137298583984,183.47219848632812,115.16255187988281,61.5064697265625,37.177734375,100.27539825439453,75.45392608642578,178.36000061035156,1.36306631565094,61.86045837402344,26.51008415222168,1893.0999755859375,0.9169999957084656
2021-01-31,82.84978485107422,3714.239990234375,6407.5,47.43693161010742,192.96255493164062,114.02771759033203,61.349571228027344,36.744537353515625,99.8080062866211,75.52821350097656,172.61000061035156,1.370600938796997,61.97303009033203,26.49960708618164,1847.300048828125,1.093000054359436
2021-02-28,84.74604034423828,3811.14990234375,6483.39990234375,47.810665130615234,204.93118286132812,120.7527847290039,61.2916145324707,37.05483627319336,98.13188934326172,75.4582748413086,161.80999755859375,1.3930001258850098,63.35990905761719,24.883621215820312,1728.0999755859375,1.4600000381469727
2021-03-31,87.16446685791016,3972.889892578125,6969.7998046875,47.463623046875,207.39999389648438,127.83992767333984,62.89514923095703,38.84767150878906,97.00597381591797,75.42326354980469,159.9600067138672,1.3952839374542236,64.95223999023438,27.30547332763672,1713.800048828125,1.746000051498413
2021-04-30,90.86542510986328,4181.169921875,7022.60009765625,48.03311538696289,211.5049285888672,133.15988159179688,67.29621887207031,40.2009162902832,97.72941589355469,75.46873474121094,165.66000366210938,1.4180374145507812,66.86991882324219,28.66059684753418,1767.300048828125,1.63100004196167
2021-05-31,92.20289611816406,4204.10986328125,7037.5,48.82506561279297,212.07864379882812,136.31626892089844,66.6964111328125,40.49397659301758,97.9285888671875,75.52037048339844,178.3800048828125,1.3842746019363403,69.19850158691406,27.9904727935791,1902.5,1.5809999704360962
2021-06-30,92.69757843017578,4297.5,7032.2998046875,49.074222564697266,215.71829223632812,134.2969207763672,70.36306762695312,39.114871978759766,98.74459838867188,75.39085388183594,165.6300048828125,1.3904008865356445,67.52910614013672,27.161407470703125,1770.800048828125,1.4429999589920044
2021-07-31,94.21430969238281,4395.259765625,7119.7001953125,46.116363525390625,208.20574951171875,135.84246826171875,73.11215209960938,40.113868713378906,99.85767364501953,75.51510620117188,169.82000732421875,1.376045823097229,68.98190307617188,28.558513641357422,1812.5999755859375,1.2389999628067017
2021-08-31,96.26265716552734,4522.68017578125,7086.39990234375,46.84028625488281,212.79281616210938,138.06980895996094,76.12457275390625,40.66468811035156,99.64952087402344,75.49146270751953,169.69000244140625,1.3426424264907837,69.97988891601562,29.67107391357422,,1.3040000200271606
2021-09-30,92.19365692138672,4307.5400390625,7237.60009765625,45.02602767944336,206.0394287109375,132.74783325195312,71.59138488769531,40.13135528564453,98.73499298095703,75.41447448730469,164.22000122070312,1.3690004348754883,67.69754791259766,27.653745651245117,1755.300048828125,1.5290000438690186
2021-10-31,97.1668701171875,4605.3798828125,,45.50864028930664,215.44981384277344,139.57907104492188,78.22473907470703,41.766334533691406,98.71366882324219,75.1631851196289,166.64999389648438,,69.84970092773438,29.184762954711914,1783.0,1.5570000410079956
2021-11-30,94.92477416992188,4567.0,7059.5,43.64967346191406,206.1156463623047,135.0436248779297,79.27238464355469,39.65047836303711,98.98075866699219,75.12024688720703,165.5,1.3315047025680542,66.68220520019531,28.687515258789062,1773.5999755859375,1.4429999589920044
2021-12-31,97.60053253173828,4766.18017578125,7384.5,43.65861511230469,210.15916442871094,143.80233764648438,81.16398620605469,41.60895919799805,98.54039764404297,74.91093444824219,170.9600067138672,1.349837303161621,68.27897644042969,31.221721649169922,1827.5,1.5119999647140503
2022-01-31,94.13111114501953,4515.5498046875,7464.39990234375,44.298439025878906,190.69862365722656,142.12008666992188,74.42729187011719,41.727386474609375,96.80658721923828,74.45327758789062,168.08999633789062,1.3403388261795044,67.0798568725586,30.442842483520508,1795.0,1.781999945640564
2022-02-28,91.25039672851562,4373.93994140625,7458.2998046875,42.3846435546875,192.669677734375,140.09942626953125,71.13517761230469,42.54002380371094,95.55970001220703,74.11145782470703,178.3800048828125,1.337327480316162,64.77957916259766,29.862560272216797,1899.4000244140625,1.8389999866485596
2022-03-31,93.02172088623047,4530.41015625,7544.60009765625,40.951568603515625,194.51754760742188,143.679443359375,74.17478942871094,44.92495346069336,92.87061309814453,73.07075500488281,180.64999389648438,1.25749933719635,65.11576843261719,32.73320388793945,1949.199951171875,2.3269999027252197
2022-04-30,85.51695251464844,4131.93017578125,7607.7001953125,38.439151763916016,175.6063995361328,137.16690063476562,64.96202087402344,43.14950942993164,89.33296203613281,72.69775390625,176.91000366210938,1.2647020816802979,60.727535247802734,31.53577423095703,1909.300048828125,2.88700008392334
2022-05-31,85.89918518066406,4132.14990234375,7169.2998046875,38.67497253417969,175.94821166992188,139.42860412597656,64.10598754882812,45.15461349487305,89.9884262084961,73.12396240234375,171.13999938964844,1.2131799459457397,61.939613342285156,32.89438247680664,,2.8440001010894775
2022-06-30,78.20797729492188,3785.3798828125,7423.39990234375,36.37116241455078,160.80401611328125,127.41560363769531,58.70708465576172,41.29456329345703,88.58751678466797,72.67120361328125,168.4600067138672,1.2180001735687256,55.28648376464844,31.035694122314453,1804.0999755859375,2.9719998836517334
2022-07-31,84.51518249511719,4130.2900390625,7284.2001953125,36.55217742919922,178.25875854492188,135.4730682373047,66.3227767944336,43.34114456176758,90.83306121826172,72.95635986328125,164.10000610351562,1.1659767627716064,59.43048095703125,32.98811340332031,1762.9000244140625,2.6419999599456787
2022-08-31,80.82669067382812,3955.0,6893.7998046875,36.06739044189453,174.6888427734375,131.6112060546875,62.737247467041016,42.39173889160156,88.06153106689453,72.35777282714844,159.27000427246094,1.1169440746307373,55.79519271850586,33.16208267211914,1712.800048828125,3.132999897003174
2022-09-30,73.23332214355469,3585.6201171875,7094.5,31.905414581298828,157.00100708007812,119.59748840332031,56.365108489990234,37.4655876159668,84.40255737304688,71.4838638305664,154.6699981689453,1.159595012664795,50.64973068237305,29.2231388092041,1662.4000244140625,3.803999900817871
2022-10-31,77.88155364990234,3871.97998046875,,31.274253845214844,175.4297637939453,134.30081176757812,59.010379791259766,39.47187423706055,83.30976867675781,71.3857421875,151.91000366210938,,53.6339225769043,29.99143409729004,1635.9000244140625,4.077000141143799
2022-11-30,84.37403106689453,4080.110107421875,7573.10009765625,36.14971160888672,179.29568481445312,142.2278594970703,61.99948501586914,42.911224365234375,86.47514343261719,71.85145568847656,164.80999755859375,1.1946860551834106,60.69648742675781,32.079795837402344,1746.0,3.703000068664551
2022-12-31,79.86692810058594,3839.5,7451.7001953125,34.66786193847656,166.84628295898438,135.9311981201172,57.14463806152344,41.05719757080078,85.52604675292969,71.75577545166016,169.63999938964844,1.2098994255065918,59.35811996459961,31.6621150970459,1819.699951171875,3.878999948501587
2023-01-31,86.52447509765625,4076.60009765625,7771.7001953125,38.409427642822266,184.07395935058594,146.2285614013672,60.48283004760742,43.7000617980957,88.77922058105469,72.62076568603516,179.41000366210938,1.2353609800338745,64.96195220947266,31.28276252746582,,3.5290000438690186
2023-02-28,83.6513900756836,3970.14990234375,7876.2998046875,35.50271987915039,180.90159606933594,141.79962158203125,59.2884407043457,42.12446975708008,86.2014389038086,71.90167999267578,169.77999877929688,1.2061562538146973,62.96451950073242,29.43088150024414,1828.9000244140625,3.9159998893737793
2023-03-31,86.43914794921875,4109.31005859375,7870.60009765625,36.64496994018555,171.49989318847656,143.00579833984375,62.54852294921875,43.19297409057617,88.48171997070312,73.07616424560547,183.22000122070312,1.2576006650924683,64.93472290039062,30.648862838745117,1969.0,3.49399995803833
2023-04-30,87.79507446289062,4169.47998046875,7446.10009765625,36.3385124206543,169.04510498046875,146.1825714111328,63.67283630371094,44.342979431152344,88.9798583984375,73.24046325683594,184.8000030517578,1.241187572479248,66.84136199951172,31.46316146850586,1990.0999755859375,3.4519999027252197
2023-05-31,86.87532043457031,4179.830078125,7531.5,35.465572357177734,167.6653289794922,143.44618225097656,65.28331756591797,41.925254821777344,87.96501922607422,72.95469665527344,182.32000732421875,1.2614636421203613,64.16297912597656,29.615873336791992,1963.9000244140625,3.63700008392334
2023-06-30,90.97160339355469,4450.3798828125,7699.39990234375,36.73783874511719,180.6910858154297,152.62107849121094,69.21131896972656,42.51383972167969,87.63001251220703,72.58748626708984,178.27000427246094,1.2853965759277344,65.8244857788086,29.84849739074707,1921.0999755859375,3.819000005722046
2023-07-31,95.2051773071289,4588.9599609375,7439.10009765625,39.26253890991211,192.2601318359375,158.43994140625,71.50796508789062,43.922996520996094,87.61776733398438,72.79886627197266,182.35000610351562,1.271179437637329,68.84325408935547,30.838037490844727,1970.5,3.9590001106262207
2023-08-31,92.4368667602539,4507.66015625,7608.10009765625,36.6606330871582,182.4879913330078,154.0121307373047,71.03557586669922,41.745670318603516,87.05506134033203,73.09223937988281,180.02000427246094,1.220299482345581,66.13426208496094,28.948301315307617,1938.199951171875,4.0929999351501465
2023-09-30,88.48077392578125,4288.0498046875,7321.7001953125,35.51879119873047,171.00328063964844,146.17330932617188,67.335205078125,39.77047348022461,84.802978515625,73.04023742675781,171.4499969482422,1.2165746688842773,63.72113800048828,27.095354080200195,1848.0999755859375,4.572999954223633
2023-10-31,86.22970581054688,4193.7998046875,,34.34886932373047,159.92701721191406,144.28591918945312,65.9236068725586,38.70478057861328,83.46711730957031,73.28015899658203,184.08999633789062,,61.87200927734375,27.66718864440918,,4.875
2023-11-30,93.89286041259766,4567.7998046875,7453.7998046875,37.02565002441406,174.64431762695312,158.099365234375,71.65995788574219,42.315269470214844,87.27725982666016,74.03195190429688,188.75,1.2696397304534912,66.9571304321289,29.090173721313477,2038.0999755859375,4.3520002365112305
2023-12-31,97.48497009277344,4769.830078125,7733.2001953125,37.634010314941406,195.10665893554688,166.11416625976562,74.14801025390625,43.22477722167969,90.2590560913086,74.5972900390625,191.1699981689453,1.274099588394165,69.66609954833984,29.354381561279297,2062.39990234375,3.865999937057495
2024-01-31,98.68254089355469,4845.64990234375,7630.60009765625,36.610111236572266,188.1826629638672,167.2302703857422,76.4769287109375,42.484134674072266,90.63964080810547,75.2997817993164,188.4499969482422,1.269551157951355,70.2217025756836,28.751293182373047,2048.39990234375,3.9670000076293945
2024-02-29,103.1307373046875,5096.27001953125,7630.0,38.13593673706055,198.76840209960938,172.1629180908203,81.99191284179688,42.73696517944336,89.03902435302734,74.78741455078125,189.30999755859375,1.2663036584854126,72.31871032714844,29.055418014526367,2045.699951171875,4.251999855041504
2024-03-31,106.49591064453125,5254.35009765625,8144.10009765625,39.17539978027344,205.17843627929688,179.27401733398438,83.6058120727539,44.59101867675781,89.84429931640625,75.04464721679688,205.72000122070312,1.2559815645217896,74.76210021972656,30.71639060974121,2217.39990234375,4.205999851226807
2024-04-30,102.71492767333984,5035.68994140625,8275.400390625,39.089569091796875,191.61444091796875,172.36459350585938,80.51705932617188,44.300743103027344,87.61570739746094,74.68583679199219,211.8699951171875,1.27304208278656,72.33744049072266,31.484375,2291.39990234375,4.685999870300293
2024-05-31,107.41455841064453,5277.509765625,8164.10009765625,39.85248565673828,201.26853942871094,177.50303649902344,85.82936096191406,47.212921142578125,89.06629943847656,75.22874450683594,215.3000030517578,1.2649997472763062,75.99783325195312,34.30541229248047,2322.89990234375,4.571000099182129
2024-06-30,108.69099426269531,5460.47998046875,8368.0,40.61539077758789,198.45152282714844,175.4688720703125,91.71651458740234,44.8719367980957,89.8521499633789,75.6391372680664,215.00999450683594,1.2836971282958984,73.32977294921875,32.14481735229492,2327.699951171875,
2024-07-31,111.29041290283203,5522.2998046875,8376.599609375,41.24150848388672,219.5740203857422,184.69964599609375,90.55265045166016,47.680660247802734,92.02842712402344,76.52445983886719,226.5500030517578,1.3129993677139282,76.54312896728516,34.61530685424805,2426.5,
2024-08-31,114.06951904296875,5648.39990234375,8237.0,41.644798278808594,215.86639404296875,190.0653533935547,92.50675964355469,49.83281326293945,93.37651824951172,77.20726776123047,231.2899932861328,1.338329792022705,79.03868865966797,36.27972412109375,2493.800048828125,
2024-09-30,116.57556915283203,5762.47998046875,8110.10009765625,44.03575134277344,216.66087341308594,190.96607971191406,94.97663879394531,51.83259963989258,94.6167984008789,77.79060363769531,243.05999755859375,1.2959579229354858,79.65782165527344,38.414955139160156,,
2024-10-31,114.13777160644531,5705.4501953125,,42.68184280395508,214.3196563720703,189.6101531982422,94.4852294921875,51.16600036621094,92.2411117553711,77.3204574584961,253.50999450683594,,75.45729064941406,38.25873565673828,2738.300048828125,
2024-11-30,118.7403335571289,6032.3798828125,8287.2998046875,41.5391731262207,238.04873657226562,200.84217834472656,100.29679107666016,53.0419921875,93.25483703613281,77.53746795654297,245.58999633789062,1.2732998132705688,75.21916198730469,39.70462417602539,2657.0,
2024-12-31,114.57657623291016,5881.6298828125,8173.0,40.156455993652344,217.46910095214844,185.94732666015625,100.86304473876953,49.775672912597656,91.38052368164062,77.48348999023438,242.1300048828125,1.254909873008728,72.01874542236328,36.238311767578125,,
2025-01-31,119.21378326416016,6040.52978515625,8674.0,41.71317672729492,223.56369018554688,192.13890075683594,103.63626861572266,51.47336959838867,92.43987274169922,78.29464721679688,258.55999755859375,1.2423903942108154,76.5047607421875,37.595733642578125,2812.5,
2025-02-28,118.85965728759766,5954.5,8809.7001953125,42.191627502441406,211.88601684570312,193.14772033691406,100.6323013305664,51.74433898925781,94.19566345214844,78.6086196899414,263.2699890136719,1.259890079498291,78.76399230957031,38.242610931396484,2836.800048828125,
2025-03-31,114.49205780029297,5611.85009765625,8494.900390625,42.670082092285156,196.92124938964844,186.66375732421875,92.33663940429688,52.90560531616211,94.19386291503906,78.97529602050781,288.1400146484375,1.3410794734954834,78.9088134765625,38.06399154663086,3122.800048828125,
2025-04-30,115.082275390625,5569.06005859375,8772.400390625,42.728668212890625,192.78248596191406,180.36463928222656,94.25395202636719,54.57009506225586,94.57876586914062,79.59130096435547,303.7699890136719,1.3463009595870972,81.8245620727539,38.35846710205078,3305.0,
2025-05-31,121.63367462158203,5911.68994140625,8761.0,44.44718933105469,202.88363647460938,185.83172607421875,103.14659118652344,57.095863342285156,94.00890350341797,79.4100112915039,303.6000061035156,1.3719680309295654,85.74441528320312,39.82668685913086,3288.89990234375,
2025-06-30,126.5029525756836,6204.9501953125,9132.7998046875,47.10308837890625,213.4893341064453,192.15426635742188,109.6393051147461,57.28940963745117,95.37220764160156,79.86062622070312,304.8299865722656,1.3257676362991333,86.30439758300781,39.700279235839844,,
2025-07-31,128.828125,6339.39013671875,9187.2998046875,47.874881744384766,217.651123046875,194.5134735107422,113.55089569091797,58.13502502441406,95.12779998779297,79.79553985595703,302.9599914550781,1.3284993171691895,85.96231842041016,41.938987731933594,3293.199951171875,
2025-08-31,132.27781677246094,6460.259765625,9350.400390625,49.15653991699219,233.3060302734375,201.34683227539062,114.5478286743164,59.384708404541016,96.24755859375,80.496826171875,318.07000732421875,1.3437248468399048,89.85184478759766,41.27810287475586,3473.699951171875,
2025-09-30,137.0360107421875,6688.4599609375,9717.2998046875,52.6465950012207,240.042236328125,203.9241485595703,120.34999084472656,60.14239501953125,97.3377685546875,80.74161529541016,355.4700012207031,1.3159106969833374,91.70820617675781,42.69287872314453,3840.800048828125,
2025-10-31,140.17840576171875,6840.2001953125,,54.5197868347168,244.97128295898438,207.0539093017578,124.55057525634766,60.024314880371094,97.94132995605469,81.0129623413086,368.1199951171875,,92.80827331542969,43.91171646118164,3982.199951171875,
2025-11-30,140.23788452148438,6849.08984375,9720.5,53.55361557006836,247.47840881347656,210.65371704101562,123.37284088134766,62.05136489868164,98.5335464477539,81.36165618896484,387.8800048828125,1.3253002166748047,93.49581909179688,44.66575241088867,4218.2998046875,
2025-12-31,140.25770568847656,6845.5,9931.400390625,53.9381103515625,244.90164184570312,210.306640625,123.02351379394531,60.37855529785156,97.93338012695312,81.36491394042969,396.30999755859375,1.346719741821289,94.32086181640625,42.078365325927734,4325.60009765625,
2026-01-31,145.5,6939.02978515625,10223.5,59.099998474121094,259.1889343261719,216.44155883789062,123.78416442871094,64.41000366210938,98.82601928710938,82.02893829345703,444.95001220703125,1.3693996667861938,100.73999786376953,42.94972229003906,4713.89990234375,
2026-02-28,147.3800048828125,6878.8798828125,10910.599609375,62.58000183105469,260.9458312988281,221.2737274169922,119.4578628540039,69.37000274658203,100.07947540283203,82.21674346923828,483.75,1.3491452932357788,105.37999725341797,47.398616790771484,,
2026-03-31,138.3699951171875,6528.52001953125,10378.7998046875,56.790000915527344,247.55963134765625,210.37393188476562,113.01337432861328,67.0,98.29627227783203,81.86040496826172,430.2900085449219,1.3488596677780151,97.12999725341797,45.57139205932617,,
2026-04-30,151.5399932861328,7209.009765625,10466.2998046875,63.9900016784668,277.9700012207031,223.6699981689453,129.82000732421875,68.52999877929688,98.4346923828125,81.99099731445312,423.6600036621094,1.3432555198669434,102.31999969482422,46.849998474121094,4614.7001953125,
2026-05-31,155.99000549316406,7473.47021484375,10466.259765625,65.87999725341797,285.1199951171875,228.02999877929688,136.6199951171875,67.4000015258789,98.44000244140625,82.12000274658203,413.82000732421875,1.3433817625045776,103.9800033569336,45.349998474121094,4523.2001953125,4.558000087738037
